"","Genotype","Type","Ploidy","Species","CCC_Group","Average_Tuber_Weight_(g)","Number_of_Tubers_per_plant","Total_Tuber_Yield_(kg_per_plant)","clust"
"1","BGVCOL_15061903","Type_Campo","Ploidy_Tetraploid","Solanum tuberosum subsp. andigena","CCC_Group_CCC_Group_B2",6.6,4.09294871794872,0.448589743589744,"2"
"2","BGVCOL_15060006","Type_Campo","Ploidy_Tetraploid","Solanum tuberosum subsp. andigena","CCC_Group_CCC_Group_B1",14.0666666666667,13.25,0.835833333333333,"4"
"3","BGVCOL_15060013","Type_Campo","Ploidy_Tetraploid","Solanum tuberosum subsp. andigena","CCC_Group_CCC_Group_B1",6.2,6.98630952380952,0.408392857142857,"2"
"4","BGVCOL_15061904","Type_Campo","Ploidy_Tetraploid","Solanum tuberosum subsp. andigena","CCC_Group_CCC_Group_A",12,6.49583333333333,0.725833333333333,"2"
"5","BGVCOL_15060016","Type_Campo","Ploidy_Tetraploid","Solanum tuberosum subsp. andigena","CCC_Group_CCC_Group_B1",14.9333333333333,12.8810897435897,0.987051282051282,"4"
"6","BGVCOL_15060021","Type_Campo","Ploidy_Tetraploid","Solanum tuberosum subsp. andigena","CCC_Group_CCC_Group_B1",8.56666666666667,13.003431372549,0.503039215686275,"2"
"7","BGVCOL_15060025","Type_Campo","Ploidy_Tetraploid","Solanum tuberosum subsp. andigena","CCC_Group_CCC_Group_B1",14,14.5625,0.873611111111111,"4"
"8","BGVCOL_15060027","Type_Campo","Ploidy_Tetraploid","Solanum tuberosum subsp. andigena","CCC_Group_CCC_Group_B1",7.46666666666667,8.27370766488414,0.484616755793226,"2"
"9","BGVCOL_15062333","Type_Campo","Ploidy_Tetraploid","Solanum tuberosum subsp. andigena","CCC_Group_CCC_Group_B1",11.1333333333333,13.2648148148148,0.77412037037037,"4"
"10","BGVCOL_15062036","Type_Campo","Ploidy_Tetraploid","Solanum tuberosum subsp. andigena","CCC_Group_CCC_Group_B1",19.7333333333333,15.5444444444444,1.25222222222222,"5"
"11","BGVCOL_15060042","Type_Campo","Ploidy_Tetraploid","Solanum tuberosum subsp. andigena","CCC_Group_CCC_Group_B1",11.2333333333333,10.0291666666667,0.694761904761905,"4"
"12","BGVCOL_15062038","Type_Campo","Ploidy_Tetraploid","Solanum tuberosum subsp. andigena","CCC_Group_CCC_Group_B1",16.9,23.425,1.04041666666667,"5"
"13","BGVCOL_15060050","Type_Campo","Ploidy_Tetraploid","Solanum tuberosum subsp. andigena","CCC_Group_CCC_Group_B2",14.1,8.46797385620915,0.825294117647059,"4"
"14","BGVCOL_15060056","Type_Campo","Ploidy_Tetraploid","Solanum tuberosum subsp. andigena","CCC_Group_CCC_Group_B1",11.6333333333333,14.2434640522876,0.675522875816993,"4"
"15","BGVCOL_15061905","Type_Campo","Ploidy_Tetraploid","Solanum tuberosum subsp. andigena","CCC_Group_CCC_Group_B2",9.93333333333333,11.9875,0.597916666666667,"4"
"16","BGVCOL_15060063","Type_Campo","Ploidy_Tetraploid","Solanum tuberosum subsp. andigena","CCC_Group_CCC_Group_B1",14.4,19.2,1.27412698412698,"5"
"17","BGVCOL_15060070","Type_Campo","Ploidy_Tetraploid","Solanum tuberosum subsp. andigena","CCC_Group_CCC_Group_B1",20.1333333333333,23.05,1.185,"5"
"18","BGVCOL_15062039","Type_Campo","Ploidy_Tetraploid","Solanum tuberosum subsp. andigena","CCC_Group_CCC_Group_B2",8.63333333333333,10.2666666666667,0.551111111111111,"2"
"19","BGVCOL_15060072","Type_Campo","Ploidy_Tetraploid","Solanum tuberosum subsp. andigena","CCC_Group_CCC_Group_B2",13.9333333333333,10.9991246498599,0.984523809523809,"4"
"20","BGVCOL_15061906","Type_Campo","Ploidy_Tetraploid","Solanum tuberosum subsp. andigena","CCC_Group_CCC_Group_B1",8.86666666666667,11.8345588235294,0.544084967320261,"2"
"21","BGVCOL_15061907","Type_Campo","Ploidy_Tetraploid","Solanum tuberosum subsp. andigena","CCC_Group_CCC_Group_B2",9.63333333333333,12.9672619047619,0.608452380952381,"4"
"22","BGVCOL_15060081","Type_Campo","Ploidy_Tetraploid","Solanum tuberosum subsp. andigena","CCC_Group_CCC_Group_B1",12.3333333333333,8.93797134238311,0.778365384615385,"4"
"23","BGVCOL_15062331","Type_Campo","Ploidy_Tetraploid","Solanum tuberosum subsp. andigena","CCC_Group_CCC_Group_B2",12.5666666666667,8.18366013071895,0.751013071895425,"4"
"24","BGVCOL_15060082","Type_Campo","Ploidy_Tetraploid","Solanum tuberosum subsp. andigena","CCC_Group_CCC_Group_B1",19.4333333333333,23.0154761904762,1.20791666666667,"5"
"25","BGVCOL_15062332","Type_Campo","Ploidy_Tetraploid","Solanum tuberosum subsp. andigena","CCC_Group_CCC_Group_B2",16.3666666666667,10.7574074074074,0.903703703703704,"4"
"26","BGVCOL_15061908","Type_Campo","Ploidy_Tetraploid","Solanum tuberosum subsp. andigena","CCC_Group_CCC_Group_B1",13.8333333333333,19.3290849673203,0.820947712418301,"4"
"27","BGVCOL_15060085","Type_Campo","Ploidy_Tetraploid","Solanum tuberosum subsp. andigena","CCC_Group_CCC_Group_B1",9.76666666666667,11.9564814814815,0.550509259259259,"2"
"28","BGVCOL_15061909","Type_Campo","Ploidy_Tetraploid","Solanum tuberosum subsp. andigena","CCC_Group_CCC_Group_B1",10.8333333333333,16.2166666666667,0.628333333333333,"4"
"29","BGVCOL_15060087","Type_Campo","Ploidy_Tetraploid","Solanum tuberosum subsp. andigena","CCC_Group_CCC_Group_B1",14.5,18.701282051282,0.96551282051282,"4"
"30","BGVCOL_15060090","Type_Campo","Ploidy_Tetraploid","Solanum tuberosum subsp. andigena","CCC_Group_CCC_Group_B2",12.4333333333333,11.6456582633053,1.19733893557423,"4"
"31","BGVCOL_15060097","Type_Campo","Ploidy_Tetraploid","Solanum tuberosum subsp. andigena","CCC_Group_CCC_Group_B2",11.5,19.3875,0.658125,"4"
"32","BGVCOL_15060101","Type_Campo","Ploidy_Tetraploid","Solanum tuberosum subsp. andigena","CCC_Group_CCC_Group_B1",13.4,15.1092948717949,0.848108974358974,"4"
"33","BGVCOL_15060102","Type_Campo","Ploidy_Tetraploid","Solanum tuberosum subsp. andigena","CCC_Group_CCC_Group_B1",7.46666666666667,7.91709401709402,0.409401709401709,"2"
"34","BGVCOL_15061910","Type_Campo","Ploidy_Tetraploid","Solanum tuberosum subsp. andigena","CCC_Group_CCC_Group_B2",9.43333333333333,7.63333333333333,0.533611111111111,"2"
"35","BGVCOL_15060110","Type_Campo","Ploidy_Tetraploid","Solanum tuberosum subsp. andigena","CCC_Group_CCC_Group_B1",13.2666666666667,17.7029411764706,0.764738562091503,"4"
"36","BGVCOL_15060112","Type_Campo","Ploidy_Tetraploid","Solanum tuberosum subsp. andigena","CCC_Group_CCC_Group_B1",8.4,9.62193732193732,0.530726495726496,"2"
"37","BGVCOL_15060114","Type_Campo","Ploidy_Tetraploid","Solanum tuberosum subsp. andigena","CCC_Group_CCC_Group_B2",21.8333333333333,12.3222222222222,1.24087962962963,"4"
"38","BGVCOL_15060117","Type_Campo","Ploidy_Tetraploid","Solanum tuberosum subsp. andigena","CCC_Group_CCC_Group_B1",7.03333333333333,8.23888888888889,0.393333333333333,"2"
"39","BGVCOL_15060120","Type_Campo","Ploidy_Tetraploid","Solanum tuberosum subsp. andigena","CCC_Group_CCC_Group_B1",12,9.82916666666667,0.728888888888889,"4"
"40","BGVCOL_15060121","Type_Campo","Ploidy_Tetraploid","Solanum tuberosum subsp. andigena","CCC_Group_CCC_Group_B1",15.9666666666667,17.9735294117647,0.920539215686275,"4"
"41","BGVCOL_15060122","Type_Campo","Ploidy_Tetraploid","Solanum tuberosum subsp. andigena","CCC_Group_CCC_Group_B2",12.4333333333333,7.94019607843137,0.70781862745098,"4"
"42","BGVCOL_15061911","Type_Campo","Ploidy_Tetraploid","Solanum tuberosum subsp. andigena","CCC_Group_CCC_Group_B2",9.06666666666667,12.7111111111111,1.08,"4"
"43","BGVCOL_15060133","Type_Campo","Ploidy_Tetraploid","Solanum tuberosum subsp. andigena","CCC_Group_CCC_Group_B1",8.03333333333333,9.29880952380952,0.440357142857143,"2"
"44","BGVCOL_15060138","Type_Campo","Ploidy_Tetraploid","Solanum tuberosum subsp. andigena","CCC_Group_CCC_Group_B1",3.5,10.2304511278195,0.195689223057644,"2"
"45","BGVCOL_15062046","Type_Campo","Ploidy_Tetraploid","Solanum tuberosum subsp. andigena","CCC_Group_CCC_Group_B1",14.3666666666667,23.5958333333333,0.813101851851852,"4"
"46","BGVCOL_15061912","Type_Campo","Ploidy_Tetraploid","Solanum tuberosum subsp. andigena","CCC_Group_CCC_Group_B1",12.4,14.0958333333333,0.736527777777778,"4"
"47","BGVCOL_15060155","Type_Campo","Ploidy_Tetraploid","Solanum tuberosum subsp. andigena","CCC_Group_CCC_Group_B1",17.6666666666667,15.6416666666667,1.05291666666667,"4"
"48","BGVCOL_15061913","Type_Campo","Ploidy_Tetraploid","Solanum tuberosum subsp. andigena","CCC_Group_CCC_Group_B1",11.1666666666667,10.1055555555556,0.633148148148148,"2"
"49","BGVCOL_15061914","Type_Campo","Ploidy_Tetraploid","Solanum tuberosum subsp. andigena","CCC_Group_CCC_Group_B1",15.8666666666667,18.0088235294118,0.956503267973856,"4"
"50","BGVCOL_15060160","Type_Campo","Ploidy_Tetraploid","Solanum tuberosum subsp. andigena","CCC_Group_CCC_Group_B2",15.45,8.125,0.886875,"4"
"51","BGVCOL_15061915","Type_Campo","Ploidy_Tetraploid","Solanum tuberosum subsp. andigena","CCC_Group_CCC_Group_B2",18.5,9.58125,1.02625,"4"
"52","BGVCOL_15062334","Type_Campo","Ploidy_Tetraploid","Solanum tuberosum subsp. andigena","CCC_Group_CCC_Group_B2",11.65,6.0375,0.655,"2"
"53","BGVCOL_15062050","Type_Campo","Ploidy_Tetraploid","Solanum tuberosum subsp. andigena","CCC_Group_CCC_Group_B1",11,13.2888888888889,0.702916666666667,"4"
"54","BGVCOL_15060187","Type_Campo","Ploidy_Tetraploid","Solanum tuberosum subsp. andigena","CCC_Group_CCC_Group_B1",6.73333333333333,10.0560185185185,0.383657407407407,"2"
"55","BGVCOL_15061916","Type_Campo","Ploidy_Tetraploid","Solanum tuberosum subsp. andigena","CCC_Group_CCC_Group_B1",12.6333333333333,15.9271043771044,0.799040404040404,"4"
"56","BGVCOL_15062335","Type_Campo","Ploidy_Tetraploid","Solanum tuberosum subsp. andigena","CCC_Group_CCC_Group_B1",7.36666666666667,13.475,0.43625,"2"
"57","BGVCOL_15060188","Type_Campo","Ploidy_Tetraploid","Solanum tuberosum subsp. andigena","CCC_Group_CCC_Group_B1",9.8,9.1,0.49,"2"
"58","BGVCOL_15060190","Type_Campo","Ploidy_Tetraploid","Solanum tuberosum subsp. andigena","CCC_Group_CCC_Group_B1",13.3666666666667,11.7625,0.850297619047619,"4"
"59","BGVCOL_15060191","Type_Campo","Ploidy_Tetraploid","Solanum tuberosum subsp. andigena","CCC_Group_CCC_Group_B1",11.05,14.5972222222222,0.943611111111111,"4"
"60","BGVCOL_15060214","Type_Campo","Ploidy_Tetraploid","Solanum tuberosum subsp. andigena","CCC_Group_CCC_Group_B1",6.83333333333333,11.1652777777778,0.413333333333333,"2"
"61","BGVCOL_15060215","Type_Campo","Ploidy_Tetraploid","Solanum tuberosum subsp. andigena","CCC_Group_CCC_Group_B2",2.1,2.64877450980392,0.113553921568627,"2"
"62","BGVCOL_15060313","Type_Campo","Ploidy_Tetraploid","Solanum tuberosum subsp. andigena","CCC_Group_CCC_Group_B2",1.2,3.71111111111111,0.0864814814814815,"2"
"63","BGVCOL_15060320","Type_Campo","Ploidy_Tetraploid","Solanum tuberosum subsp. andigena","CCC_Group_CCC_Group_B1",11.3,20.1623376623377,1.35974025974026,"5"
"64","BGVCOL_15060345","Type_Campo","Ploidy_Tetraploid","Solanum tuberosum subsp. andigena","CCC_Group_CCC_Group_B1",16.3333333333333,36.1607142857143,1.04136904761905,"5"
"65","BGVCOL_15062337","Type_Campo","Ploidy_Tetraploid","Solanum tuberosum subsp. andigena","CCC_Group_CCC_Group_B1",13.3666666666667,22.549537037037,0.769166666666667,"4"
"66","BGVCOL_15062051","Type_Campo","Ploidy_Tetraploid","Solanum tuberosum subsp. andigena","CCC_Group_CCC_Group_B1",11.9666666666667,25.4705882352941,0.857058823529412,"5"
"67","BGVCOL_15062052","Type_Campo","Ploidy_Tetraploid","Solanum tuberosum subsp. andigena","CCC_Group_CCC_Group_B1",14.2666666666667,23.6032407407407,0.819444444444444,"4"
"68","BGVCOL_15061917","Type_Campo","Ploidy_Tetraploid","Solanum tuberosum subsp. andigena","CCC_Group_CCC_Group_B1",16.6333333333333,25.0050438596491,0.922631578947368,"5"
"69","BGVCOL_15062338","Type_Campo","Ploidy_Tetraploid","Solanum tuberosum subsp. andigena","CCC_Group_CCC_Group_B1",17.4333333333333,26.2736111111111,1.09291666666667,"5"
"70","BGVCOL_15062339","Type_Campo","Ploidy_Tetraploid","Solanum tuberosum subsp. andigena","CCC_Group_CCC_Group_B1",13.6333333333333,10.3252923976608,1.00895467836257,"4"
"71","BGVCOL_15062340","Type_Campo","Ploidy_Tetraploid","Solanum tuberosum subsp. andigena","CCC_Group_CCC_Group_B1",14.9,25.425,0.906666666666667,"5"
"72","BGVCOL_15060420","Type_Campo","Ploidy_Tetraploid","Solanum tuberosum subsp. andigena","CCC_Group_CCC_Group_B1",10.5,13.5083333333333,0.630416666666667,"4"
"73","BGVCOL_15062053","Type_Campo","Ploidy_Tetraploid","Solanum tuberosum subsp. andigena","CCC_Group_CCC_Group_B2",11.7666666666667,9.9587962962963,0.67375,"4"
"74","BGVCOL_15062363","Type_Campo","Ploidy_Tetraploid","Solanum tuberosum subsp. andigena","CCC_Group_CCC_Group_B2",11.2,14.4882352941177,0.648210784313726,"4"
"75","BGVCOL_15060536","Type_Campo","Ploidy_Tetraploid","Solanum tuberosum subsp. andigena","CCC_Group_CCC_Group_B2",8.9,9.9781162464986,0.574702380952381,"2"
"76","BGVCOL_15060543","Type_Campo","Ploidy_Tetraploid","Solanum tuberosum subsp. andigena","CCC_Group_CCC_Group_B1",7.93333333333333,9.81151960784314,0.468186274509804,"2"
"77","BGVCOL_15060570","Type_Campo","Ploidy_Tetraploid","Solanum tuberosum subsp. andigena","CCC_Group_CCC_Group_B1",16.6333333333333,8.73611111111111,1.03726851851852,"4"
"78","BGVCOL_15060667","Type_Campo","Ploidy_Tetraploid","Solanum tuberosum subsp. andigena","CCC_Group_CCC_Group_B2",8.7,16.3384259259259,0.502777777777778,"4"
"79","BGVCOL_15060797","Type_Campo","Ploidy_Tetraploid","Solanum tuberosum subsp. andigena","CCC_Group_CCC_Group_B1",1.25,4.05929487179487,0.0930288461538462,"2"
"80","BGVCOL_15061918","Type_Campo","Ploidy_Tetraploid","Solanum tuberosum subsp. andigena","CCC_Group_CCC_Group_B2",13.7666666666667,8.16898148148148,0.92962962962963,"4"
"81","BGVCOL_15060846","Type_Campo","Ploidy_Tetraploid","Solanum tuberosum subsp. andigena","CCC_Group_CCC_Group_B2",7.43333333333333,4.63725490196078,0.417843137254902,"2"
"82","BGVCOL_15060907","Type_Campo","Ploidy_Tetraploid","Solanum tuberosum subsp. andigena","CCC_Group_CCC_Group_B2",16.6,20.5705128205128,1.00320512820513,"5"
"83","BGVCOL_15060909","Type_Campo","Ploidy_Tetraploid","Solanum tuberosum subsp. andigena","CCC_Group_CCC_Group_B2",4.66666666666667,4.83333333333333,0.365833333333333,"2"
"84","BGVCOL_15060933","Type_Campo","Ploidy_Tetraploid","Solanum tuberosum subsp. andigena","CCC_Group_CCC_Group_B1",6.43333333333333,11.9461279461279,0.458605664488017,"2"
"85","BGVCOL_15060964","Type_Campo","Ploidy_Tetraploid","Solanum tuberosum subsp. andigena","CCC_Group_CCC_Group_B1",10.6333333333333,14.9392156862745,0.727352941176471,"4"
"86","BGVCOL_15061007","Type_Campo","Ploidy_Tetraploid","Solanum tuberosum subsp. andigena","CCC_Group_CCC_Group_B1",12.6666666666667,16.5262108262108,0.814729344729345,"4"
"87","BGVCOL_15061011","Type_Campo","Ploidy_Tetraploid","Solanum tuberosum subsp. andigena","CCC_Group_CCC_Group_B1",5.46666666666667,7.34848484848485,0.439015151515152,"2"
"88","BGVCOL_15061122","Type_Campo","Ploidy_Tetraploid","Solanum tuberosum subsp. andigena","CCC_Group_CCC_Group_B2",5.23333333333333,5.75176767676768,0.434873737373737,"2"
"89","BGVCOL_15061140","Type_Campo","Ploidy_Tetraploid","Solanum tuberosum subsp. andigena","CCC_Group_CCC_Group_B2",3.23666666666667,3.23928571428571,0.256690476190476,"2"
"90","BGVCOL_15061204","Type_Campo","Ploidy_Tetraploid","Solanum tuberosum subsp. andigena","CCC_Group_CCC_Group_B2",14.9333333333333,13.8657894736842,1.05654970760234,"4"
"91","BGVCOL_15061213","Type_Campo","Ploidy_Tetraploid","Solanum tuberosum subsp. andigena","CCC_Group_CCC_Group_B2",6.13333333333333,11.543137254902,0.428039215686275,"2"
"92","BGVCOL_15061215","Type_Campo","Ploidy_Tetraploid","Solanum tuberosum subsp. andigena","CCC_Group_CCC_Group_B2",18.1666666666667,21.7008547008547,1.20564102564103,"5"
"93","BGVCOL_15061216","Type_Campo","Ploidy_Tetraploid","Solanum tuberosum subsp. andigena","CCC_Group_CCC_Group_B1",8.4,10.5048701298701,0.584442640692641,"2"
"94","BGVCOL_15061225","Type_Campo","Ploidy_Tetraploid","Solanum tuberosum subsp. andigena","CCC_Group_CCC_Group_B2",5.73333333333333,6.47023809523809,0.457440476190476,"2"
"95","BGVCOL_15061226","Type_Campo","Ploidy_Tetraploid","Solanum tuberosum subsp. andigena","CCC_Group_CCC_Group_B1",10.3666666666667,10.3346653346653,0.96953046953047,"4"
"96","BGVCOL_15061228","Type_Campo","Ploidy_Tetraploid","Solanum tuberosum subsp. andigena","CCC_Group_CCC_Group_B2",8.9,9.09444444444444,0.695,"4"
"97","BGVCOL_15061237","Type_Campo","Ploidy_Tetraploid","Solanum tuberosum subsp. andigena","CCC_Group_CCC_Group_B1",12.9333333333333,16.5888888888889,1.12888888888889,"4"
"98","BGVCOL_15061922","Type_Campo","Ploidy_Tetraploid","Solanum tuberosum subsp. andigena","CCC_Group_CCC_Group_B1",11.9,17.6357142857143,0.996825396825397,"4"
"99","BGVCOL_15061250","Type_Campo","Ploidy_Tetraploid","Solanum tuberosum subsp. andigena","CCC_Group_CCC_Group_B1",3.53333333333333,7.25185185185185,0.238148148148148,"2"
"100","BGVCOL_15061923","Type_Campo","Ploidy_Tetraploid","Solanum tuberosum subsp. andigena","CCC_Group_CCC_Group_B2",9.2,15.3386243386243,0.677976190476191,"4"
"101","BGVCOL_15060383","Type_Campo","Ploidy_Tetraploid","Solanum tuberosum subsp. andigena","CCC_Group_CCC_Group_B2",15.1333333333333,7.97222222222222,1.09791666666667,"4"
"102","BGVCOL_15062343","Type_Campo","Ploidy_Tetraploid","Solanum tuberosum subsp. andigena","CCC_Group_CCC_Group_B1",14.7,10.3858974358974,0.982692307692308,"4"
"103","BGVCOL_15061256","Type_Campo","Ploidy_Tetraploid","Solanum tuberosum subsp. andigena","CCC_Group_CCC_Group_B1",1.45,2.78787878787879,0.0993265993265993,"2"
"104","BGVCOL_15061257","Type_Campo","Ploidy_Tetraploid","Solanum tuberosum subsp. andigena","CCC_Group_CCC_Group_B1",20.2,14.4285714285714,0.721428571428571,"4"
"105","BGVCOL_15062059","Type_Campo","Ploidy_Tetraploid","Solanum tuberosum subsp. andigena","CCC_Group_CCC_Group_B1",12.3666666666667,16.5274509803922,0.750573152337858,"4"
"106","BGVCOL_15061258","Type_Campo","Ploidy_Tetraploid","Solanum tuberosum subsp. andigena","CCC_Group_CCC_Group_B1",3.23333333333333,6.59551282051282,0.219102564102564,"2"
"107","BGVCOL_15062060","Type_Campo","Ploidy_Tetraploid","Solanum tuberosum subsp. andigena","CCC_Group_CCC_Group_B1",15.3666666666667,23.6765107212476,1.14141325536062,"5"
"108","BGVCOL_15061924","Type_Campo","Ploidy_Tetraploid","Solanum tuberosum subsp. andigena","CCC_Group_CCC_Group_B1",48.7666666666667,27.4656695156695,2.81851851851852,"5"
"109","BGVCOL_15061259","Type_Campo","Ploidy_Tetraploid","Solanum tuberosum subsp. andigena","CCC_Group_CCC_Group_B1",16.6333333333333,20.1092592592593,1.0181746031746,"5"
"110","BGVCOL_15061925","Type_Campo","Ploidy_Tetraploid","Solanum tuberosum subsp. andigena","CCC_Group_CCC_Group_B1",5.8,11.7936026936027,0.438922558922559,"2"
"111","BGVCOL_15062063","Type_Campo","Ploidy_Tetraploid","Solanum tuberosum subsp. andigena","CCC_Group_CCC_Group_B1",8.03333333333333,8.42462121212121,0.525265151515152,"2"
"112","BGVCOL_15061926","Type_Campo","Ploidy_Tetraploid","Solanum tuberosum subsp. andigena","CCC_Group_CCC_Group_B2",3.66666666666667,4.45,0.21,"2"
"113","BGVCOL_15061927","Type_Campo","Ploidy_Tetraploid","Solanum tuberosum subsp. andigena","CCC_Group_CCC_Group_B1",5.96666666666667,34.1350427350427,1.25487179487179,"5"
"114","BGVCOL_15062344","Type_Campo","Ploidy_Tetraploid","Solanum tuberosum subsp. andigena","CCC_Group_CCC_Group_B1",5.43333333333333,7.4841628959276,0.373906485671192,"2"
"115","BGVCOL_15061928","Type_Campo","Ploidy_Tetraploid","Solanum tuberosum subsp. andigena","CCC_Group_CCC_Group_B1",9.16666666666667,9.80238095238095,0.602380952380952,"2"
"116","BGVCOL_15062067","Type_Campo","Ploidy_Tetraploid","Solanum tuberosum subsp. andigena","CCC_Group_CCC_Group_B2",4.06666666666667,5.8059163059163,0.29011544011544,"2"
"117","BGVCOL_15061929","Type_Campo","Ploidy_Tetraploid","Solanum tuberosum subsp. andigena","CCC_Group_CCC_Group_B1",15.9333333333333,19.0357142857143,0.997857142857143,"4"
"118","BGVCOL_15062069","Type_Campo","Ploidy_Tetraploid","Solanum tuberosum subsp. andigena","CCC_Group_CCC_Group_B1",11.1333333333333,8.98809523809524,0.651666666666667,"2"
"119","BGVCOL_15061931","Type_Campo","Ploidy_Tetraploid","Solanum tuberosum subsp. andigena","CCC_Group_CCC_Group_B1",24.9,21.0200980392157,1.43262254901961,"5"
"120","BGVCOL_15061260","Type_Campo","Ploidy_Tetraploid","Solanum tuberosum subsp. andigena","CCC_Group_CCC_Group_B1",14.0666666666667,13.6474358974359,0.883782051282051,"4"
"121","BGVCOL_15061261","Type_Campo","Ploidy_Tetraploid","Solanum tuberosum subsp. andigena","CCC_Group_CCC_Group_B1",2.13333333333333,5.25757575757576,0.153409090909091,"2"
"122","BGVCOL_15061262","Type_Campo","Ploidy_Tetraploid","Solanum tuberosum subsp. andigena","CCC_Group_CCC_Group_B1",12.0666666666667,13.3321428571429,0.746845238095238,"4"
"123","BGVCOL_15062071","Type_Campo","Ploidy_Tetraploid","Solanum tuberosum subsp. andigena","CCC_Group_CCC_Group_B1",9,8.52083333333333,0.52625,"2"
"124","BGVCOL_15061263","Type_Campo","Ploidy_Tetraploid","Solanum tuberosum subsp. andigena","CCC_Group_CCC_Group_B1",8.3,17.7,0.4925,"4"
"125","BGVCOL_15061932","Type_Campo","Ploidy_Tetraploid","Solanum tuberosum subsp. andigena","CCC_Group_CCC_Group_B2",5.4,8.02979797979798,0.35010101010101,"2"
"126","BGVCOL_15061264","Type_Campo","Ploidy_Tetraploid","Solanum tuberosum subsp. andigena","CCC_Group_CCC_Group_B1",6.6,7.53333333333333,0.391666666666667,"2"
"127","BGVCOL_15061933","Type_Campo","Ploidy_Tetraploid","Solanum tuberosum subsp. andigena","CCC_Group_CCC_Group_B1",3.26666666666667,4.80138888888889,0.227361111111111,"2"
"128","BGVCOL_15061265","Type_Campo","Ploidy_Tetraploid","Solanum tuberosum subsp. andigena","CCC_Group_CCC_Group_B1",17.1666666666667,19.3330882352941,0.995563725490196,"4"
"129","BGVCOL_15061270","Type_Campo","Ploidy_Tetraploid","Solanum tuberosum subsp. andigena","CCC_Group_CCC_Group_B1",14.3,14.2805555555556,0.842361111111111,"4"
"130","BGVCOL_15062074","Type_Campo","Ploidy_Tetraploid","Solanum tuberosum subsp. andigena","CCC_Group_CCC_Group_B1",10.9,18.3416666666667,0.649583333333333,"4"
"131","BGVCOL_15061934","Type_Campo","Ploidy_Tetraploid","Solanum tuberosum subsp. andigena","CCC_Group_CCC_Group_B1",10.6,9.80092592592593,0.586111111111111,"2"
"132","BGVCOL_15061935","Type_Campo","Ploidy_Tetraploid","Solanum tuberosum subsp. andigena","CCC_Group_CCC_Group_B2",5.23333333333333,5.31785714285714,0.321071428571429,"2"
"133","BGVCOL_15061271","Type_Campo","Ploidy_Tetraploid","Solanum tuberosum subsp. andigena","CCC_Group_CCC_Group_B1",16.7333333333333,15.9952380952381,1.06166666666667,"4"
"134","BGVCOL_15061273","Type_Campo","Ploidy_Tetraploid","Solanum tuberosum subsp. andigena","CCC_Group_CCC_Group_B1",11.8,18.8940476190476,0.702559523809524,"4"
"135","BGVCOL_15061274","Type_Campo","Ploidy_Tetraploid","Solanum tuberosum subsp. andigena","CCC_Group_CCC_Group_B1",17,17.15,1.1775,"5"
"136","BGVCOL_15061937","Type_Campo","Ploidy_Tetraploid","Solanum tuberosum subsp. andigena","CCC_Group_CCC_Group_B1",19.8666666666667,26.5385964912281,1.09291666666667,"5"
"137","BGVCOL_15061277","Type_Campo","Ploidy_Tetraploid","Solanum tuberosum subsp. andigena","CCC_Group_CCC_Group_B2",26.8666666666667,29.3428571428571,1.76976190476191,"5"
"138","BGVCOL_15062080","Type_Campo","Ploidy_Tetraploid","Solanum tuberosum subsp. andigena","CCC_Group_CCC_Group_B1",17.4,17.0277777777778,1.02166666666667,"4"
"139","BGVCOL_15062081","Type_Campo","Ploidy_Tetraploid","Solanum tuberosum subsp. andigena","CCC_Group_CCC_Group_B1",5.5,16.1333333333333,0.486666666666667,"2"
"140","BGVCOL_15061279","Type_Campo","Ploidy_Tetraploid","Solanum tuberosum subsp. andigena","CCC_Group_CCC_Group_B1",21.0333333333333,22.749537037037,1.19777777777778,"5"
"141","BGVCOL_15061281","Type_Campo","Ploidy_Tetraploid","Solanum tuberosum subsp. andigena","CCC_Group_CCC_Group_B2",10.9666666666667,17.4824786324786,0.703119658119658,"4"
"142","BGVCOL_15061939","Type_Campo","Ploidy_Tetraploid","Solanum tuberosum subsp. andigena","CCC_Group_CCC_Group_B1",4.63333333333333,7.4,0.481176470588235,"2"
"143","BGVCOL_15061282","Type_Campo","Ploidy_Tetraploid","Solanum tuberosum subsp. andigena","CCC_Group_CCC_Group_B2",1.86666666666667,2.61111111111111,0.114126984126984,"2"
"144","BGVCOL_15060910","Type_Campo","Ploidy_Tetraploid","Solanum tuberosum subsp. andigena","CCC_Group_CCC_Group_B2",8.4,9.23809523809524,0.562619047619048,"2"
"145","BGVCOL_15062365","Type_Campo","Ploidy_Tetraploid","Solanum tuberosum subsp. andigena","CCC_Group_CCC_Group_B1",2.33333333333333,3.23717948717949,0.16775641025641,"2"
"146","BGVCOL_15061283","Type_Campo","Ploidy_Tetraploid","Solanum tuberosum subsp. andigena","CCC_Group_CCC_Group_B1",8.5,11.6333333333333,0.502222222222222,"2"
"147","BGVCOL_15062346","Type_Campo","Ploidy_Tetraploid","Solanum tuberosum subsp. andigena","CCC_Group_CCC_Group_B1",13.2333333333333,10.9212962962963,0.931296296296296,"4"
"148","BGVCOL_15061286","Type_Campo","Ploidy_Tetraploid","Solanum tuberosum subsp. andigena","CCC_Group_CCC_Group_B1",9.3,15.1651515151515,0.649415584415584,"4"
"149","BGVCOL_15061289","Type_Campo","Ploidy_Tetraploid","Solanum tuberosum subsp. andigena","CCC_Group_CCC_Group_B2",10.9,14.9595238095238,0.776825396825397,"4"
"150","BGVCOL_15061290","Type_Campo","Ploidy_Tetraploid","Solanum tuberosum subsp. andigena","CCC_Group_CCC_Group_B2",21.7,16.3018518518519,1.40833333333333,"5"
"151","BGVCOL_15061291","Type_Campo","Ploidy_Tetraploid","Solanum tuberosum subsp. andigena","CCC_Group_CCC_Group_B1",11.4666666666667,11.5267507002801,0.687114845938375,"4"
"152","BGVCOL_15061293","Type_Campo","Ploidy_Tetraploid","Solanum tuberosum subsp. andigena","CCC_Group_CCC_Group_B1",9.33333333333333,12.3708333333333,0.5525,"2"
"153","BGVCOL_15061295","Type_Campo","Ploidy_Tetraploid","Solanum tuberosum subsp. andigena","CCC_Group_CCC_Group_B1",4.2,7.33333333333333,0.368888888888889,"2"
"154","BGVCOL_15061941","Type_Campo","Ploidy_Tetraploid","Solanum tuberosum subsp. andigena","CCC_Group_CCC_Group_B1",5,9.35416666666667,0.400694444444445,"2"
"155","BGVCOL_15061296","Type_Campo","Ploidy_Tetraploid","Solanum tuberosum subsp. andigena","CCC_Group_CCC_Group_B1",0.166666666666667,0.478571428571429,0.0145238095238095,"2"
"156","BGVCOL_15061297","Type_Campo","Ploidy_Tetraploid","Solanum tuberosum subsp. andigena","CCC_Group_CCC_Group_B1",3.7,10.3166666666667,0.406428571428571,"2"
"157","BGVCOL_15061942","Type_Campo","Ploidy_Tetraploid","Solanum tuberosum subsp. andigena","CCC_Group_CCC_Group_B1",19.9666666666667,21.3666666666667,1.4287037037037,"5"
"158","BGVCOL_15061298","Type_Campo","Ploidy_Tetraploid","Solanum tuberosum subsp. andigena","CCC_Group_CCC_Group_B1",17.3333333333333,21.7547619047619,1.12309523809524,"5"
"159","BGVCOL_15061299","Type_Campo","Ploidy_Tetraploid","Solanum tuberosum subsp. andigena","CCC_Group_CCC_Group_B2",6.53333333333333,6.03846153846154,0.504358974358974,"2"
"160","BGVCOL_15061300","Type_Campo","Ploidy_Tetraploid","Solanum tuberosum subsp. andigena","CCC_Group_CCC_Group_B1",7.46666666666667,21.9335826210826,0.586752136752137,"4"
"161","BGVCOL_15061301","Type_Campo","Ploidy_Tetraploid","Solanum tuberosum subsp. andigena","CCC_Group_CCC_Group_B1",14.4,15.9917043740573,0.93184766214178,"4"
"162","BGVCOL_15061302","Type_Campo","Ploidy_Tetraploid","Solanum tuberosum subsp. andigena","CCC_Group_CCC_Group_B1",11.4666666666667,16.3055555555556,0.666666666666667,"4"
"163","BGVCOL_15061303","Type_Campo","Ploidy_Tetraploid","Solanum tuberosum subsp. andigena","CCC_Group_CCC_Group_B2",5.13333333333333,14.0625,0.485,"2"
"164","BGVCOL_15061305","Type_Campo","Ploidy_Tetraploid","Solanum tuberosum subsp. andigena","CCC_Group_CCC_Group_B1",9.43333333333333,25.4352941176471,0.926078431372549,"5"
"165","BGVCOL_15061307","Type_Campo","Ploidy_Tetraploid","Solanum tuberosum subsp. andigena","CCC_Group_CCC_Group_B2",13.0333333333333,17.9458333333333,1.375,"5"
"166","BGVCOL_15061308","Type_Campo","Ploidy_Tetraploid","Solanum tuberosum subsp. andigena","CCC_Group_CCC_Group_B1",3.46666666666667,14.2380952380952,0.509523809523809,"2"
"167","BGVCOL_15061312","Type_Campo","Ploidy_Tetraploid","Solanum tuberosum subsp. andigena","CCC_Group_CCC_Group_B1",6.83333333333333,11.4449735449735,0.488042328042328,"2"
"168","BGVCOL_15061313","Type_Campo","Ploidy_Tetraploid","Solanum tuberosum subsp. andigena","CCC_Group_CCC_Group_B1",18.1333333333333,19.25,1.10625,"5"
"169","BGVCOL_15061314","Type_Campo","Ploidy_Tetraploid","Solanum tuberosum subsp. andigena","CCC_Group_CCC_Group_B1",4.76666666666667,7.82916666666667,0.275833333333333,"2"
"170","BGVCOL_15061944","Type_Campo","Ploidy_Tetraploid","Solanum tuberosum subsp. andigena","CCC_Group_CCC_Group_B1",10.7666666666667,24.4171296296296,0.609583333333333,"4"
"171","BGVCOL_15061317","Type_Campo","Ploidy_Tetraploid","Solanum tuberosum subsp. andigena","CCC_Group_CCC_Group_B1",5.06666666666667,12.0217948717949,0.343076923076923,"2"
"172","BGVCOL_15061318","Type_Campo","Ploidy_Tetraploid","Solanum tuberosum subsp. andigena","CCC_Group_CCC_Group_B1",14,18,0.814444444444444,"4"
"173","BGVCOL_15061319","Type_Campo","Ploidy_Tetraploid","Solanum tuberosum subsp. andigena","CCC_Group_CCC_Group_B1",10.5,8.725,0.625416666666667,"2"
"174","BGVCOL_15061320","Type_Campo","Ploidy_Tetraploid","Solanum tuberosum subsp. andigena","CCC_Group_CCC_Group_B2",15.9333333333333,20.5321428571429,1.03154761904762,"5"
"175","BGVCOL_15061323","Type_Campo","Ploidy_Tetraploid","Solanum tuberosum subsp. andigena","CCC_Group_CCC_Group_B2",13.2666666666667,10.2291666666667,0.755,"4"
"176","BGVCOL_15061324","Type_Campo","Ploidy_Tetraploid","Solanum tuberosum subsp. andigena","CCC_Group_CCC_Group_B2",2.86666666666667,2.09523809523809,0.199047619047619,"2"
"177","BGVCOL_15061327","Type_Campo","Ploidy_Tetraploid","Solanum tuberosum subsp. andigena","CCC_Group_CCC_Group_B1",15.0333333333333,19.7592592592593,1.18685185185185,"5"
"178","BGVCOL_15061329","Type_Campo","Ploidy_Tetraploid","Solanum tuberosum subsp. andigena","CCC_Group_CCC_Group_B1",15.2666666666667,14.6777777777778,1.02111111111111,"4"
"179","BGVCOL_15061330","Type_Campo","Ploidy_Tetraploid","Solanum tuberosum subsp. andigena","CCC_Group_CCC_Group_B2",2,3.66239316239316,0.158974358974359,"2"
"180","BGVCOL_15061331","Type_Campo","Ploidy_Tetraploid","Solanum tuberosum subsp. andigena","CCC_Group_CCC_Group_B1",16.2,15.3138888888889,1.00652777777778,"4"
"181","BGVCOL_15061333","Type_Campo","Ploidy_Tetraploid","Solanum tuberosum subsp. andigena","CCC_Group_CCC_Group_B1",6.93333333333333,11.5518518518519,0.411851851851852,"2"
"182","BGVCOL_15061334","Type_Campo","Ploidy_Tetraploid","Solanum tuberosum subsp. andigena","CCC_Group_CCC_Group_B1",8.46666666666667,14.2388888888889,0.716898148148148,"4"
"183","BGVCOL_15061335","Type_Campo","Ploidy_Tetraploid","Solanum tuberosum subsp. andigena","CCC_Group_CCC_Group_B1",4.07,8.28888888888889,0.295982905982906,"2"
"184","BGVCOL_15061336","Type_Campo","Ploidy_Tetraploid","Solanum tuberosum subsp. andigena","CCC_Group_CCC_Group_B1",13.8666666666667,20.5536414565826,0.840560224089636,"4"
"185","BGVCOL_15061337","Type_Campo","Ploidy_Tetraploid","Solanum tuberosum subsp. andigena","CCC_Group_CCC_Group_B1",7.26666666666667,11.0722222222222,0.598333333333333,"2"
"186","BGVCOL_15061338","Type_Campo","Ploidy_Tetraploid","Solanum tuberosum subsp. andigena","CCC_Group_CCC_Group_B1",20.0666666666667,30.8740196078431,1.15995098039216,"5"
"187","BGVCOL_15061340","Type_Campo","Ploidy_Tetraploid","Solanum tuberosum subsp. andigena","CCC_Group_CCC_Group_B1",22.6666666666667,23.2570175438597,1.28223684210526,"5"
"188","BGVCOL_15061342","Type_Campo","Ploidy_Tetraploid","Solanum tuberosum subsp. andigena","CCC_Group_CCC_Group_B1",5.93333333333333,8.14166666666667,0.355555555555556,"2"
"189","BGVCOL_15061344","Type_Campo","Ploidy_Tetraploid","Solanum tuberosum subsp. andigena","CCC_Group_CCC_Group_B1",16.7333333333333,11.8039215686274,0.973333333333333,"4"
"190","BGVCOL_15061345","Type_Campo","Ploidy_Tetraploid","Solanum tuberosum subsp. andigena","CCC_Group_CCC_Group_B1",16.6666666666667,29.2083333333333,1.03944444444444,"5"
"191","BGVCOL_15061945","Type_Campo","Ploidy_Tetraploid","Solanum tuberosum subsp. andigena","CCC_Group_CCC_Group_B1",15.8333333333333,31.2678362573099,1.04309941520468,"5"
"192","BGVCOL_15061346","Type_Campo","Ploidy_Tetraploid","Solanum tuberosum subsp. andigena","CCC_Group_CCC_Group_B1",18.8666666666667,33.7063492063492,1.2552380952381,"5"
"193","BGVCOL_15061347","Type_Campo","Ploidy_Tetraploid","Solanum tuberosum subsp. andigena","CCC_Group_CCC_Group_B1",5.56666666666667,22.9047619047619,1.52539682539683,"5"
"194","BGVCOL_15061348","Type_Campo","Ploidy_Tetraploid","Solanum tuberosum subsp. andigena","CCC_Group_CCC_Group_B1",8.5,7.53095238095238,0.545952380952381,"2"
"195","BGVCOL_15061349","Type_Campo","Ploidy_Tetraploid","Solanum tuberosum subsp. andigena","CCC_Group_CCC_Group_B1",13.5666666666667,13.5323565323565,0.955860805860806,"4"
"196","BGVCOL_15061350","Type_Campo","Ploidy_Tetraploid","Solanum tuberosum subsp. andigena","CCC_Group_CCC_Group_B1",9.43333333333333,16.3945419103314,0.558830409356725,"4"
"197","BGVCOL_15061352","Type_Campo","Ploidy_Tetraploid","Solanum tuberosum subsp. andigena","CCC_Group_CCC_Group_B1",6.8,14.0376623376623,0.568138528138528,"4"
"198","BGVCOL_15061353","Type_Campo","Ploidy_Tetraploid","Solanum tuberosum subsp. andigena","CCC_Group_CCC_Group_B1",4.46666666666667,6.15925925925926,0.337222222222222,"2"
"199","BGVCOL_15061946","Type_Campo","Ploidy_Tetraploid","Solanum tuberosum subsp. andigena","CCC_Group_CCC_Group_B1",6.66666666666667,8.68657407407407,0.507361111111111,"2"
"200","BGVCOL_15061355","Type_Campo","Ploidy_Tetraploid","Solanum tuberosum subsp. andigena","CCC_Group_CCC_Group_B1",4.5,11.349128540305,0.423202614379085,"2"
"201","BGVCOL_15062092","Type_Campo","Ploidy_Tetraploid","Solanum tuberosum subsp. andigena","CCC_Group_CCC_Group_B1",6.93333333333333,14.3625,0.423333333333333,"2"
"202","BGVCOL_15061356","Type_Campo","Ploidy_Tetraploid","Solanum tuberosum subsp. andigena","CCC_Group_CCC_Group_B2",9.43333333333333,4.9875,0.568333333333333,"2"
"203","BGVCOL_15061357","Type_Campo","Ploidy_Tetraploid","Solanum tuberosum subsp. andigena","CCC_Group_CCC_Group_B1",14.2,12.3324786324786,0.972991452991453,"4"
"204","BGVCOL_15061358","Type_Campo","Ploidy_Tetraploid","Solanum tuberosum subsp. andigena","CCC_Group_CCC_Group_B1",17.5666666666667,14.275,1.04333333333333,"4"
"205","BGVCOL_15061360","Type_Campo","Ploidy_Tetraploid","Solanum tuberosum subsp. andigena","CCC_Group_CCC_Group_B1",18.1,23.7679487179487,1.15096153846154,"5"
"206","BGVCOL_15061361","Type_Campo","Ploidy_Tetraploid","Solanum tuberosum subsp. andigena","CCC_Group_CCC_Group_B1",19.5333333333333,26.9462962962963,1.3537037037037,"5"
"207","BGVCOL_15062094","Type_Campo","Ploidy_Tetraploid","Solanum tuberosum subsp. andigena","CCC_Group_CCC_Group_B1",11.8333333333333,18.6428571428571,0.739285714285714,"4"
"208","BGVCOL_15061364","Type_Campo","Ploidy_Tetraploid","Solanum tuberosum subsp. andigena","CCC_Group_CCC_Group_B1",8.43333333333333,12.9030303030303,0.624848484848485,"4"
"209","BGVCOL_15061365","Type_Campo","Ploidy_Tetraploid","Solanum tuberosum subsp. andigena","CCC_Group_CCC_Group_B2",17.1,16.8914215686275,0.987916666666667,"4"
"210","BGVCOL_15061367","Type_Campo","Ploidy_Tetraploid","Solanum tuberosum subsp. andigena","CCC_Group_CCC_Group_B2",15.2333333333333,14.6652421652422,0.939230769230769,"4"
"211","BGVCOL_15061948","Type_Campo","Ploidy_Tetraploid","Solanum tuberosum subsp. andigena","CCC_Group_CCC_Group_B1",9.46666666666667,18.3151515151515,0.728333333333333,"4"
"212","BGVCOL_15061368","Type_Campo","Ploidy_Tetraploid","Solanum tuberosum subsp. andigena","CCC_Group_CCC_Group_B1",9.9,33.2979949874687,0.569260651629073,"5"
"213","BGVCOL_15062347","Type_Campo","Ploidy_Tetraploid","Solanum tuberosum subsp. andigena","CCC_Group_CCC_Group_B1",9.45,34.4777777777778,0.557361111111111,"5"
"214","BGVCOL_15061369","Type_Campo","Ploidy_Tetraploid","Solanum tuberosum subsp. andigena","CCC_Group_CCC_Group_B1",18.1,41.4270655270655,1.11987179487179,"5"
"215","BGVCOL_15062097","Type_Campo","Ploidy_Tetraploid","Solanum tuberosum subsp. andigena","CCC_Group_CCC_Group_B1",18.2333333333333,16.2291666666667,1.08125,"4"
"216","BGVCOL_15061370","Type_Campo","Ploidy_Tetraploid","Solanum tuberosum subsp. andigena","CCC_Group_CCC_Group_B1",17.4666666666667,30.6662895927602,1.09069381598793,"5"
"217","BGVCOL_15062348","Type_Campo","Ploidy_Tetraploid","Solanum tuberosum subsp. andigena","CCC_Group_CCC_Group_B1",21.5666666666667,32.4444444444444,1.21055555555555,"5"
"218","BGVCOL_15062349","Type_Campo","Ploidy_Tetraploid","Solanum tuberosum subsp. andigena","CCC_Group_CCC_Group_B1",4.93333333333333,6.01136363636364,0.315416666666667,"2"
"219","BGVCOL_15062350","Type_Campo","Ploidy_Tetraploid","Solanum tuberosum subsp. andigena","CCC_Group_CCC_Group_B1",17.7666666666667,25.5050438596491,0.982171052631579,"5"
"220","BGVCOL_15061949","Type_Campo","Ploidy_Tetraploid","Solanum tuberosum subsp. andigena","CCC_Group_CCC_Group_B1",13.2666666666667,17.7583333333333,0.732478070175439,"4"
"221","BGVCOL_15062351","Type_Campo","Ploidy_Tetraploid","Solanum tuberosum subsp. andigena","CCC_Group_CCC_Group_B1",6.76666666666667,7.14529914529915,0.421068376068376,"2"
"222","BGVCOL_15062098","Type_Campo","Ploidy_Tetraploid","Solanum tuberosum subsp. andigena","CCC_Group_CCC_Group_B1",14.8666666666667,21.2291666666667,0.858333333333333,"4"
"223","BGVCOL_15061376","Type_Campo","Ploidy_Tetraploid","Solanum tuberosum subsp. andigena","CCC_Group_CCC_Group_B1",18,30.8698412698413,0.988412698412699,"5"
"224","BGVCOL_15061377","Type_Campo","Ploidy_Tetraploid","Solanum tuberosum subsp. andigena","CCC_Group_CCC_Group_B1",6.53333333333333,13.2871794871795,0.357339743589744,"2"
"225","BGVCOL_15061378","Type_Campo","Ploidy_Tetraploid","Solanum tuberosum subsp. andigena","CCC_Group_CCC_Group_B1",5.13333333333333,17.1069444444444,0.500277777777778,"4"
"226","BGVCOL_15061380","Type_Campo","Ploidy_Tetraploid","Solanum tuberosum subsp. andigena","CCC_Group_CCC_Group_B1",10.2666666666667,16.5538461538462,1.03444444444444,"4"
"227","BGVCOL_15061382","Type_Campo","Ploidy_Tetraploid","Solanum tuberosum subsp. andigena","CCC_Group_CCC_Group_B2",8.53333333333333,10.1736111111111,0.490277777777778,"2"
"228","BGVCOL_15061383","Type_Campo","Ploidy_Tetraploid","Solanum tuberosum subsp. andigena","CCC_Group_CCC_Group_B1",7.86666666666667,12.2527777777778,0.644444444444444,"4"
"229","BGVCOL_15061384","Type_Campo","Ploidy_Tetraploid","Solanum tuberosum subsp. andigena","CCC_Group_CCC_Group_B1",18.1333333333333,26.3035087719298,0.999013157894737,"5"
"230","BGVCOL_15061385","Type_Campo","Ploidy_Tetraploid","Solanum tuberosum subsp. andigena","CCC_Group_CCC_Group_B1",20.7666666666667,28.8838235294118,1.18580882352941,"5"
"231","BGVCOL_15061386","Type_Campo","Ploidy_Tetraploid","Solanum tuberosum subsp. andigena","CCC_Group_CCC_Group_B1",10.8,21.809649122807,0.581666666666667,"4"
"232","BGVCOL_15061388","Type_Campo","Ploidy_Tetraploid","Solanum tuberosum subsp. andigena","CCC_Group_CCC_Group_B1",4.6,10.2083333333333,0.245416666666667,"2"
"233","BGVCOL_15061389","Type_Campo","Ploidy_Tetraploid","Solanum tuberosum subsp. andigena","CCC_Group_CCC_Group_B1",9.23333333333333,28.2041666666667,1.12875,"5"
"234","BGVCOL_15061390","Type_Campo","Ploidy_Tetraploid","Solanum tuberosum subsp. andigena","CCC_Group_CCC_Group_B1",9.83333333333333,16.6958333333333,0.785,"4"
"235","BGVCOL_15061391","Type_Campo","Ploidy_Tetraploid","Solanum tuberosum subsp. andigena","CCC_Group_CCC_Group_B1",10.3,10.6541666666667,0.614583333333333,"2"
"236","BGVCOL_15061392","Type_Campo","Ploidy_Tetraploid","Solanum tuberosum subsp. andigena","CCC_Group_CCC_Group_B1",15.3333333333333,9.84230769230769,0.96051282051282,"4"
"237","BGVCOL_15061394","Type_Campo","Ploidy_Tetraploid","Solanum tuberosum subsp. andigena","CCC_Group_CCC_Group_B1",6.6,18.3382575757576,0.351590909090909,"2"
"238","BGVCOL_15061396","Type_Campo","Ploidy_Tetraploid","Solanum tuberosum subsp. andigena","CCC_Group_CCC_Group_B1",22.3333333333333,31.7083333333333,1.24004385964912,"5"
"239","BGVCOL_15061397","Type_Campo","Ploidy_Tetraploid","Solanum tuberosum subsp. andigena","CCC_Group_CCC_Group_B1",4.93333333333333,6.83240740740741,0.265601851851852,"2"
"240","BGVCOL_15062353","Type_Campo","Ploidy_Tetraploid","Solanum tuberosum subsp. andigena","CCC_Group_CCC_Group_B1",20.0333333333333,12.859068627451,1.13566176470588,"4"
"241","BGVCOL_15062099","Type_Campo","Ploidy_Tetraploid","Solanum tuberosum subsp. andigena","CCC_Group_CCC_Group_B1",22.1333333333333,16.9345238095238,1.33333333333333,"5"
"242","BGVCOL_15062100","Type_Campo","Ploidy_Tetraploid","Solanum tuberosum subsp. andigena","CCC_Group_CCC_Group_B2",13.5,13.4824074074074,0.737962962962963,"4"
"243","BGVCOL_15062101","Type_Campo","Ploidy_Tetraploid","Solanum tuberosum subsp. andigena","CCC_Group_CCC_Group_B1",17.3666666666667,29.240931372549,0.987401960784314,"5"
"244","BGVCOL_15062102","Type_Campo","Ploidy_Tetraploid","Solanum tuberosum subsp. andigena","CCC_Group_CCC_Group_B2",16.2,12.2083877995643,1.02166666666667,"4"
"245","BGVCOL_15061404","Type_Campo","Ploidy_Tetraploid","Solanum tuberosum subsp. andigena","CCC_Group_CCC_Group_B1",8.5,11.328354978355,0.60525974025974,"2"
"246","BGVCOL_15061405","Type_Campo","Ploidy_Tetraploid","Solanum tuberosum subsp. andigena","CCC_Group_CCC_Group_B2",14.2,9.26666666666667,0.964444444444445,"4"
"247","BGVCOL_15061406","Type_Campo","Ploidy_Tetraploid","Solanum tuberosum subsp. andigena","CCC_Group_CCC_Group_B1",9.33333333333333,9.6,0.578015873015873,"2"
"248","BGVCOL_15061410","Type_Campo","Ploidy_Tetraploid","Solanum tuberosum subsp. andigena","CCC_Group_CCC_Group_B2",10.0666666666667,6.39389140271493,0.591825037707391,"2"
"249","BGVCOL_15061411","Type_Campo","Ploidy_Tetraploid","Solanum tuberosum subsp. andigena","CCC_Group_CCC_Group_B1",16.8,19.7916666666667,1.105,"5"
"250","BGVCOL_15062103","Type_Campo","Ploidy_Unknown","Solanum tuberosum subsp. andigena","CCC_Group_CCC_Group_B1",4.95,7.55961538461538,0.274423076923077,"2"
"251","BGVCOL_15061414","Type_Campo","Ploidy_Tetraploid","Solanum tuberosum subsp. andigena","CCC_Group_CCC_Group_B1",6.23333333333333,10.3121212121212,0.441212121212121,"2"
"252","BGVCOL_15062104","Type_Campo","Ploidy_Tetraploid","Solanum tuberosum subsp. andigena","CCC_Group_CCC_Group_B1",10.1333333333333,11.6389705882353,0.581813725490196,"2"
"253","BGVCOL_15062105","Type_Campo","Ploidy_Tetraploid","Solanum tuberosum subsp. andigena","CCC_Group_CCC_Group_B1",17.3,19.0320652173913,0.869692028985507,"4"
"254","BGVCOL_15061415","Type_Campo","Ploidy_Tetraploid","Solanum tuberosum subsp. andigena","CCC_Group_CCC_Group_B1",12,11.7009259259259,0.659166666666667,"4"
"255","BGVCOL_15062106","Type_Campo","Ploidy_Tetraploid","Solanum tuberosum subsp. andigena","CCC_Group_CCC_Group_B1",14.2666666666667,15.2859848484848,0.888030303030303,"4"
"256","BGVCOL_15061417","Type_Campo","Ploidy_Tetraploid","Solanum tuberosum subsp. andigena","CCC_Group_CCC_Group_B1",10.6,14.4305555555556,0.586157407407407,"4"
"257","BGVCOL_15061418","Type_Campo","Ploidy_Tetraploid","Solanum tuberosum subsp. andigena","CCC_Group_CCC_Group_B1",14.2666666666667,17.2710784313726,0.825588235294118,"4"
"258","BGVCOL_15061419","Type_Campo","Ploidy_Tetraploid","Solanum tuberosum subsp. andigena","CCC_Group_CCC_Group_B1",21.8333333333333,25.9935185185185,1.24356481481482,"5"
"259","BGVCOL_15061420","Type_Campo","Ploidy_Tetraploid","Solanum tuberosum subsp. andigena","CCC_Group_CCC_Group_B2",11.6333333333333,18.4355392156863,0.669264705882353,"4"
"260","BGVCOL_15061421","Type_Campo","Ploidy_Tetraploid","Solanum tuberosum subsp. andigena","CCC_Group_CCC_Group_B1",9.2,8.9212962962963,0.527546296296296,"2"
"261","BGVCOL_15062366","Type_Campo","Ploidy_Unknown","Solanum tuberosum subsp. andigena","CCC_Group_CCC_Group_B1",5.83333333333333,9.5959595959596,0.43010101010101,"2"
"262","BGVCOL_15062107","Type_Campo","Ploidy_Tetraploid","Solanum tuberosum subsp. andigena","CCC_Group_CCC_Group_B1",15.5333333333333,16.0285087719298,0.858969298245614,"4"
"263","BGVCOL_15062108","Type_Campo","Ploidy_Tetraploid","Solanum tuberosum subsp. andigena","CCC_Group_CCC_Group_B1",15.0666666666667,16.6555555555556,0.935,"4"
"264","BGVCOL_15061422","Type_Campo","Ploidy_Tetraploid","Solanum tuberosum subsp. andigena","CCC_Group_CCC_Group_B1",8.56666666666667,11.1708333333333,0.504583333333333,"2"
"265","BGVCOL_15061423","Type_Campo","Ploidy_Unknown","Solanum tuberosum subsp. andigena","CCC_Group_CCC_Group_B1",6.8,8.48611111111111,0.455,"2"
"266","BGVCOL_15061424","Type_Campo","Ploidy_Tetraploid","Solanum tuberosum subsp. andigena","CCC_Group_CCC_Group_B1",12.1333333333333,11.95,0.836527777777778,"4"
"267","BGVCOL_15061425","Type_Campo","Ploidy_Tetraploid","Solanum tuberosum subsp. andigena","CCC_Group_CCC_Group_B1",16.1333333333333,23.1958333333333,0.97,"5"
"268","BGVCOL_15062109","Type_Campo","Ploidy_Tetraploid","Solanum tuberosum subsp. andigena","CCC_Group_CCC_Group_B1",14.3666666666667,26.9899122807018,0.802258771929825,"5"
"269","BGVCOL_15062111","Type_Campo","Ploidy_Tetraploid","Solanum tuberosum subsp. andigena","CCC_Group_CCC_Group_B1",16.1666666666667,17.55,1.02666666666667,"4"
"270","BGVCOL_15062112","Type_Campo","Ploidy_Tetraploid","Solanum tuberosum subsp. andigena","CCC_Group_CCC_Group_B1",14.3666666666667,20.1019607843137,0.8225,"4"
"271","BGVCOL_15061428","Type_Campo","Ploidy_Tetraploid","Solanum tuberosum subsp. andigena","CCC_Group_CCC_Group_B1",14.9333333333333,21.4875,0.826666666666667,"4"
"272","BGVCOL_15062354","Type_Campo","Ploidy_Tetraploid","Solanum tuberosum subsp. andigena","CCC_Group_CCC_Group_B1",12.3,23.0814814814815,0.706064814814815,"4"
"273","BGVCOL_15061951","Type_Campo","Ploidy_Tetraploid","Solanum tuberosum subsp. andigena","CCC_Group_CCC_Group_B1",13.2666666666667,23.8855392156863,0.784044117647059,"4"
"274","BGVCOL_15061430","Type_Campo","Ploidy_Tetraploid","Solanum tuberosum subsp. andigena","CCC_Group_CCC_Group_B1",14,20.4386904761905,0.766230158730159,"4"
"275","BGVCOL_15061435","Type_Campo","Ploidy_Tetraploid","Solanum tuberosum subsp. andigena","CCC_Group_CCC_Group_B1",16.7333333333333,20.3365196078431,0.979607843137255,"5"
"276","BGVCOL_15061436","Type_Campo","Ploidy_Tetraploid","Solanum tuberosum subsp. andigena","CCC_Group_CCC_Group_B2",2.93333333333333,11.9375,0.15125,"2"
"277","BGVCOL_15062114","Type_Campo","Ploidy_Tetraploid","Solanum tuberosum subsp. andigena","CCC_Group_CCC_Group_B1",20.5333333333333,25.3545454545455,1.06537878787879,"5"
"278","BGVCOL_15061952","Type_Campo","Ploidy_Tetraploid","Solanum tuberosum subsp. andigena","CCC_Group_CCC_Group_B1",10.6666666666667,8.63333333333333,0.664583333333333,"2"
"279","BGVCOL_15062115","Type_Campo","Ploidy_Tetraploid","Solanum tuberosum subsp. andigena","CCC_Group_CCC_Group_B1",18,19.6912037037037,1.0124537037037,"5"
"280","BGVCOL_15061437","Type_Campo","Ploidy_Tetraploid","Solanum tuberosum subsp. andigena","CCC_Group_CCC_Group_B1",24.2333333333333,16.0884135472371,1.58744206773618,"5"
"281","BGVCOL_15061438","Type_Campo","Ploidy_Tetraploid","Solanum tuberosum subsp. andigena","CCC_Group_CCC_Group_B1",6,15.5468253968254,0.635634920634921,"4"
"282","BGVCOL_15061439","Type_Campo","Ploidy_Tetraploid","Solanum tuberosum subsp. andigena","CCC_Group_CCC_Group_B1",8.06666666666667,12.0166666666667,0.496388888888889,"2"
"283","BGVCOL_15061441","Type_Campo","Ploidy_Tetraploid","Solanum tuberosum subsp. andigena","CCC_Group_CCC_Group_B1",10.2,26.1685185185185,0.935555555555556,"5"
"284","BGVCOL_15061442","Type_Campo","Ploidy_Tetraploid","Solanum tuberosum subsp. andigena","CCC_Group_CCC_Group_B1",8.23333333333333,22.0607142857143,0.650595238095238,"4"
"285","BGVCOL_15061443","Type_Campo","Ploidy_Tetraploid","Solanum tuberosum subsp. andigena","CCC_Group_CCC_Group_B2",3.46666666666667,9.07426900584795,0.199269005847953,"2"
"286","BGVCOL_15062367","Type_Campo","Ploidy_Tetraploid","Solanum tuberosum subsp. andigena","CCC_Group_CCC_Group_B1",16.2666666666667,25,1.01535714285714,"5"
"287","BGVCOL_15061444","Type_Campo","Ploidy_Tetraploid","Solanum tuberosum subsp. andigena","CCC_Group_CCC_Group_B1",8.63333333333333,12.5380952380952,0.542380952380952,"2"
"288","BGVCOL_15061445","Type_Campo","Ploidy_Tetraploid","Solanum tuberosum subsp. andigena","CCC_Group_CCC_Group_B1",16.5,23.2154761904762,1.31011904761905,"5"
"289","BGVCOL_15061953","Type_Campo","Ploidy_Tetraploid","Solanum tuberosum subsp. andigena","CCC_Group_CCC_Group_B1",24.8333333333333,36.49375696767,1.41790969899666,"5"
"290","BGVCOL_15061447","Type_Campo","Ploidy_Unknown","Solanum tuberosum subsp. andigena","CCC_Group_CCC_Group_B1",11,15.2363636363636,0.641414141414141,"4"
"291","BGVCOL_15061449","Type_Campo","Ploidy_Tetraploid","Solanum tuberosum subsp. andigena","CCC_Group_CCC_Group_B1",9.56666666666666,8.02916666666667,0.546666666666667,"2"
"292","BGVCOL_15061453","Type_Campo","Ploidy_Tetraploid","Solanum tuberosum subsp. andigena","CCC_Group_CCC_Group_B1",18.5666666666667,21.4644607843137,1.07323529411765,"5"
"293","BGVCOL_15061454","Type_Campo","Ploidy_Tetraploid","Solanum tuberosum subsp. andigena","CCC_Group_CCC_Group_B1",15.2666666666667,7.50238095238095,0.958492063492064,"4"
"294","BGVCOL_15062117","Type_Campo","Ploidy_Tetraploid","Solanum tuberosum subsp. andigena","CCC_Group_CCC_Group_B1",14.5666666666667,25.8856481481481,0.837546296296296,"5"
"295","BGVCOL_15062118","Type_Campo","Ploidy_Tetraploid","Solanum tuberosum subsp. andigena","CCC_Group_CCC_Group_B1",18.4,24.9813596491228,1.01782894736842,"5"
"296","BGVCOL_15061458","Type_Campo","Ploidy_Tetraploid","Solanum tuberosum subsp. andigena","CCC_Group_CCC_Group_B1",15.4,29.5559523809524,0.977142857142857,"5"
"297","BGVCOL_15061459","Type_Campo","Ploidy_Tetraploid","Solanum tuberosum subsp. andigena","CCC_Group_CCC_Group_B1",7.96666666666667,9.82777777777778,0.499444444444445,"2"
"298","BGVCOL_15061461","Type_Campo","Ploidy_Tetraploid","Solanum tuberosum subsp. andigena","CCC_Group_CCC_Group_B1",16.5333333333333,29.4984848484848,0.908333333333333,"5"
"299","BGVCOL_15062368","Type_Campo","Ploidy_Tetraploid","Solanum tuberosum subsp. andigena","CCC_Group_CCC_Group_B1",14.9,21.4833333333333,0.958888888888889,"5"
"300","BGVCOL_15062119","Type_Campo","Ploidy_Tetraploid","Solanum tuberosum subsp. andigena","CCC_Group_CCC_Group_B1",12.8,15.6263888888889,0.771805555555556,"4"
"301","BGVCOL_15061462","Type_Campo","Ploidy_Tetraploid","Solanum tuberosum subsp. andigena","CCC_Group_CCC_Group_B1",13.3,14.4728070175439,0.737565789473684,"4"
"302","BGVCOL_15061954","Type_Campo","Ploidy_Tetraploid","Solanum tuberosum subsp. andigena","CCC_Group_CCC_Group_B1",21.9,27.9310185185185,1.23875,"5"
"303","BGVCOL_15061463","Type_Campo","Ploidy_Tetraploid","Solanum tuberosum subsp. andigena","CCC_Group_CCC_Group_B1",3.48333333333333,5.38232323232323,0.253821548821549,"2"
"304","BGVCOL_15061469","Type_Campo","Ploidy_Tetraploid","Solanum tuberosum subsp. andigena","CCC_Group_CCC_Group_B1",4.86666666666667,9.99867724867725,0.275099206349206,"2"
"305","BGVCOL_15061470","Type_Campo","Ploidy_Tetraploid","Solanum tuberosum subsp. andigena","CCC_Group_CCC_Group_B2",16.0666666666667,7.36299019607843,0.937843137254902,"4"
"306","BGVCOL_15061471","Type_Campo","Ploidy_Tetraploid","Solanum tuberosum subsp. andigena","CCC_Group_CCC_Group_B2",8.93333333333333,9.6515873015873,0.559126984126984,"2"
"307","BGVCOL_15061475","Type_Campo","Ploidy_Tetraploid","Solanum tuberosum subsp. andigena","CCC_Group_CCC_Group_B1",10.1666666666667,13.0302631578947,0.55875,"2"
"308","BGVCOL_15061476","Type_Campo","Ploidy_Tetraploid","Solanum tuberosum subsp. andigena","CCC_Group_CCC_Group_B1",20.3,14.8498168498169,1.34459706959707,"5"
"309","BGVCOL_15061477","Type_Campo","Ploidy_Tetraploid","Solanum tuberosum subsp. andigena","CCC_Group_CCC_Group_B1",3.53333333333333,5.98333333333333,0.331666666666667,"2"
"310","BGVCOL_15061478","Type_Campo","Ploidy_Tetraploid","Solanum tuberosum subsp. andigena","CCC_Group_CCC_Group_B1",23.8,28.7706349206349,1.50087301587302,"5"
"311","BGVCOL_15061479","Type_Campo","Ploidy_Unknown","Solanum tuberosum subsp. andigena","CCC_Group_CCC_Group_B1",4.16666666666667,5.82671957671958,0.370502645502645,"2"
"312","BGVCOL_15061480","Type_Campo","Ploidy_Tetraploid","Solanum tuberosum subsp. andigena","CCC_Group_CCC_Group_B1",8.26666666666667,15.1483516483516,0.550567765567766,"4"
"313","BGVCOL_15061481","Type_Campo","Ploidy_Tetraploid","Solanum tuberosum subsp. andigena","CCC_Group_CCC_Group_B1",12.4666666666667,17.2389705882353,0.726397058823529,"4"
"314","BGVCOL_15061482","Type_Campo","Ploidy_Tetraploid","Solanum tuberosum subsp. andigena","CCC_Group_CCC_Group_B2",4.63333333333333,7.34407894736842,0.253552631578947,"2"
"315","BGVCOL_15061484","Type_Campo","Ploidy_Tetraploid","Solanum tuberosum subsp. andigena","CCC_Group_CCC_Group_B1",6.56666666666667,14,0.461111111111111,"2"
"316","BGVCOL_15061485","Type_Campo","Ploidy_Tetraploid","Solanum tuberosum subsp. andigena","CCC_Group_CCC_Group_B2",4.16666666666667,8.54803921568628,0.240563725490196,"2"
"317","BGVCOL_15061486","Type_Campo","Ploidy_Tetraploid","Solanum tuberosum subsp. andigena","CCC_Group_CCC_Group_B1",12.5666666666667,11.4833333333333,0.772222222222222,"4"
"318","BGVCOL_15061487","Type_Campo","Ploidy_Tetraploid","Solanum tuberosum subsp. andigena","CCC_Group_CCC_Group_B1",11.2333333333333,14.5857142857143,1.49714285714286,"5"
"319","BGVCOL_15061488","Type_Campo","Ploidy_Tetraploid","Solanum tuberosum subsp. andigena","CCC_Group_CCC_Group_B1",14.0333333333333,19.4005827505827,1.04822843822844,"5"
"320","BGVCOL_15061489","Type_Campo","Ploidy_Tetraploid","Solanum tuberosum subsp. andigena","CCC_Group_CCC_Group_B1",10.6666666666667,13.7460317460318,0.698412698412698,"4"
"321","BGVCOL_15061490","Type_Campo","Ploidy_Tetraploid","Solanum tuberosum subsp. andigena","CCC_Group_CCC_Group_B1",9.8,21.9761904761905,0.73984126984127,"4"
"322","BGVCOL_15062122","Type_Campo","Ploidy_Tetraploid","Solanum tuberosum subsp. andigena","CCC_Group_CCC_Group_B1",13.1666666666667,15.8679487179487,0.78974358974359,"4"
"323","BGVCOL_15061491","Type_Campo","Ploidy_Tetraploid","Solanum tuberosum subsp. andigena","CCC_Group_CCC_Group_B1",8.86666666666667,11.7214285714286,0.564920634920635,"2"
"324","BGVCOL_15061492","Type_Campo","Ploidy_Tetraploid","Solanum tuberosum subsp. andigena","CCC_Group_CCC_Group_B1",11.0333333333333,14.3683823529412,0.634926470588235,"4"
"325","BGVCOL_15061493","Type_Campo","Ploidy_Tetraploid","Solanum tuberosum subsp. andigena","CCC_Group_CCC_Group_B1",10.6,11.8254901960784,0.617450980392157,"4"
"326","BGVCOL_15061494","Type_Campo","Ploidy_Tetraploid","Solanum tuberosum subsp. andigena","CCC_Group_CCC_Group_B1",11.4,13.8333333333333,0.925,"4"
"327","BGVCOL_15061495","Type_Campo","Ploidy_Tetraploid","Solanum tuberosum subsp. andigena","CCC_Group_CCC_Group_B1",6.63333333333333,8.96399572649573,0.448931623931624,"2"
"328","BGVCOL_15061496","Type_Campo","Ploidy_Tetraploid","Solanum tuberosum subsp. andigena","CCC_Group_CCC_Group_B1",6.1,12.231746031746,0.606031746031746,"4"
"329","BGVCOL_15061498","Type_Campo","Ploidy_Tetraploid","Solanum tuberosum subsp. andigena","CCC_Group_CCC_Group_B1",7.96666666666667,13.4790598290598,0.608846153846154,"4"
"330","BGVCOL_15062123","Type_Campo","Ploidy_Tetraploid","Solanum tuberosum subsp. andigena","CCC_Group_CCC_Group_B1",13.5,20.737037037037,0.773703703703704,"4"
"331","BGVCOL_15061499","Type_Campo","Ploidy_Tetraploid","Solanum tuberosum subsp. andigena","CCC_Group_CCC_Group_B1",11.2666666666667,26.0574074074074,0.679444444444444,"4"
"332","BGVCOL_15061500","Type_Campo","Ploidy_Tetraploid","Solanum tuberosum subsp. andigena","CCC_Group_CCC_Group_B2",2.9,7.87188552188552,0.170555555555555,"2"
"333","BGVCOL_15061501","Type_Campo","Ploidy_Tetraploid","Solanum tuberosum subsp. andigena","CCC_Group_CCC_Group_B1",4.2,11.7410714285714,0.329464285714286,"2"
"334","BGVCOL_15061503","Type_Campo","Ploidy_Unknown","Solanum tuberosum subsp. andigena","CCC_Group_CCC_Group_B1",2.2,3.4969696969697,0.179545454545455,"2"
"335","BGVCOL_15061504","Type_Campo","Ploidy_Tetraploid","Solanum tuberosum subsp. andigena","CCC_Group_CCC_Group_B2",23.3,17.5123931623932,1.54628205128205,"5"
"336","BGVCOL_15061505","Type_Campo","Ploidy_Tetraploid","Solanum tuberosum subsp. andigena","CCC_Group_CCC_Group_B1",11.5666666666667,14.8055555555556,0.757361111111111,"4"
"337","BGVCOL_15061507","Type_Campo","Ploidy_Tetraploid","Solanum tuberosum subsp. andigena","CCC_Group_CCC_Group_B1",10.7,15.0222222222222,0.733174603174603,"4"
"338","BGVCOL_15061508","Type_Campo","Ploidy_Tetraploid","Solanum tuberosum subsp. andigena","CCC_Group_CCC_Group_B1",9.9,12.3599415204678,0.550760233918129,"2"
"339","BGVCOL_15061509","Type_Campo","Ploidy_Tetraploid","Solanum tuberosum subsp. andigena","CCC_Group_CCC_Group_B1",16.2666666666667,17.549537037037,0.906342592592593,"4"
"340","BGVCOL_15061511","Type_Campo","Ploidy_Tetraploid","Solanum tuberosum subsp. andigena","CCC_Group_CCC_Group_B1",25.1666666666667,31.7402777777778,1.51875,"5"
"341","BGVCOL_15061514","Type_Campo","Ploidy_Tetraploid","Solanum tuberosum subsp. andigena","CCC_Group_CCC_Group_B1",4.73333333333333,5.40641025641026,0.273162393162393,"2"
"342","BGVCOL_15062124","Type_Campo","Ploidy_Tetraploid","Solanum tuberosum subsp. andigena","CCC_Group_CCC_Group_B1",6.6,7.81805555555556,0.398472222222222,"2"
"343","BGVCOL_15061515","Type_Campo","Ploidy_Tetraploid","Solanum tuberosum subsp. andigena","CCC_Group_CCC_Group_B1",7.56666666666667,6.5487922705314,0.370531400966184,"2"
"344","BGVCOL_15061516","Type_Campo","Ploidy_Tetraploid","Solanum tuberosum subsp. andigena","CCC_Group_CCC_Group_B1",6.4,9.90424836601307,0.395359477124183,"2"
"345","BGVCOL_15061517","Type_Campo","Ploidy_Tetraploid","Solanum tuberosum subsp. andigena","CCC_Group_CCC_Group_B1",12.6666666666667,15.0888888888889,0.896111111111111,"4"
"346","BGVCOL_15061518","Type_Campo","Ploidy_Unknown","Solanum tuberosum subsp. andigena","CCC_Group_CCC_Group_B1",4.1,5.78095238095238,0.250952380952381,"2"
"347","BGVCOL_15061520","Type_Campo","Ploidy_Tetraploid","Solanum tuberosum subsp. andigena","CCC_Group_CCC_Group_B1",12.9,15.9839285714286,0.766666666666667,"4"
"348","BGVCOL_15061521","Type_Campo","Ploidy_Tetraploid","Solanum tuberosum subsp. andigena","CCC_Group_CCC_Group_B1",6.43333333333333,11.0809523809524,0.445238095238095,"2"
"349","BGVCOL_15061522","Type_Campo","Ploidy_Tetraploid","Solanum tuberosum subsp. andigena","CCC_Group_CCC_Group_B1",15.1333333333333,20.2089285714286,0.914821428571429,"4"
"350","BGVCOL_15061523","Type_Campo","Ploidy_Tetraploid","Solanum tuberosum subsp. andigena","CCC_Group_CCC_Group_B1",6.2,15.4698412698413,0.422222222222222,"2"
"351","BGVCOL_15061524","Type_Campo","Ploidy_Tetraploid","Solanum tuberosum subsp. andigena","CCC_Group_CCC_Group_B1",8.26666666666667,10.1944444444444,0.893333333333333,"4"
"352","BGVCOL_15061525","Type_Campo","Ploidy_Tetraploid","Solanum tuberosum subsp. andigena","CCC_Group_CCC_Group_B1",11.0333333333333,14.5747474747475,0.842222222222222,"4"
"353","BGVCOL_15061526","Type_Campo","Ploidy_Tetraploid","Solanum tuberosum subsp. andigena","CCC_Group_CCC_Group_B1",7.76666666666667,8.80995670995671,0.508787878787879,"2"
"354","BGVCOL_15061528","Type_Campo","Ploidy_Tetraploid","Solanum tuberosum subsp. andigena","CCC_Group_CCC_Group_B1",3.5,5.425,0.295,"2"
"355","BGVCOL_15061529","Type_Campo","Ploidy_Tetraploid","Solanum tuberosum subsp. andigena","CCC_Group_CCC_Group_B1",18.0333333333333,18.299358974359,1.15352564102564,"5"
"356","BGVCOL_15061530","Type_Campo","Ploidy_Tetraploid","Solanum tuberosum subsp. andigena","CCC_Group_CCC_Group_B1",15.9666666666667,17.8146825396825,0.816706349206349,"4"
"357","BGVCOL_15061533","Type_Campo","Ploidy_Tetraploid","Solanum tuberosum subsp. andigena","CCC_Group_CCC_Group_B1",11.8,12.4809523809524,0.763571428571428,"4"
"358","BGVCOL_15061534","Type_Campo","Ploidy_Tetraploid","Solanum tuberosum subsp. andigena","CCC_Group_CCC_Group_B1",12.7,16.6388888888889,0.823194444444444,"4"
"359","BGVCOL_15061535","Type_Campo","Ploidy_Tetraploid","Solanum tuberosum subsp. andigena","CCC_Group_CCC_Group_B1",8.66666666666667,14.4444444444444,0.687037037037037,"4"
"360","BGVCOL_15061536","Type_Campo","Ploidy_Tetraploid","Solanum tuberosum subsp. andigena","CCC_Group_CCC_Group_B1",18.5333333333333,33.5767857142857,1.6075,"5"
"361","BGVCOL_15061537","Type_Campo","Ploidy_Tetraploid","Solanum tuberosum subsp. andigena","CCC_Group_CCC_Group_B1",6.66666666666667,8.35714285714286,0.4175,"2"
"362","BGVCOL_15062126","Type_Campo","Ploidy_Tetraploid","Solanum tuberosum subsp. andigena","CCC_Group_CCC_Group_B1",15.7333333333333,28.2204545454545,1.05984848484849,"5"
"363","BGVCOL_15061538","Type_Campo","Ploidy_Tetraploid","Solanum tuberosum subsp. andigena","CCC_Group_CCC_Group_B1",14.7333333333333,28.5606481481482,0.822083333333333,"5"
"364","BGVCOL_15061539","Type_Campo","Ploidy_Tetraploid","Solanum tuberosum subsp. andigena","CCC_Group_CCC_Group_B1",18.3666666666667,43.9833333333333,1.39555555555555,"5"
"365","BGVCOL_15061540","Type_Campo","Ploidy_Tetraploid","Solanum tuberosum subsp. andigena","CCC_Group_CCC_Group_B1",12.3666666666667,24.6976430976431,1.01851851851852,"5"
"366","BGVCOL_15061542","Type_Campo","Ploidy_Tetraploid","Solanum tuberosum subsp. andigena","CCC_Group_CCC_Group_B1",20.2666666666667,17.5320512820513,1.27944444444444,"5"
"367","BGVCOL_15061543","Type_Campo","Ploidy_Tetraploid","Solanum tuberosum subsp. andigena","CCC_Group_CCC_Group_B2",5.16666666666667,14.5037037037037,0.474206349206349,"2"
"368","BGVCOL_15061544","Type_Campo","Ploidy_Tetraploid","Solanum tuberosum subsp. andigena","CCC_Group_CCC_Group_B1",21.2666666666667,24.7833333333333,1.27875,"5"
"369","BGVCOL_15061546","Type_Campo","Ploidy_Tetraploid","Solanum tuberosum subsp. andigena","CCC_Group_CCC_Group_B1",18.0333333333333,24.2186868686869,1.29631313131313,"5"
"370","BGVCOL_15061548","Type_Campo","Ploidy_Tetraploid","Solanum tuberosum subsp. andigena","CCC_Group_CCC_Group_B1",5.36666666666667,13.6333333333333,0.469285714285714,"2"
"371","BGVCOL_15061549","Type_Campo","Ploidy_Tetraploid","Solanum tuberosum subsp. andigena","CCC_Group_CCC_Group_B1",22.5333333333333,38.3682336182336,1.88531339031339,"5"
"372","BGVCOL_15061550","Type_Campo","Ploidy_Tetraploid","Solanum tuberosum subsp. andigena","CCC_Group_CCC_Group_B1",7.46666666666667,7.90833333333333,0.563333333333333,"2"
"373","BGVCOL_15061551","Type_Campo","Ploidy_Tetraploid","Solanum tuberosum subsp. andigena","CCC_Group_CCC_Group_B2",2.93333333333333,4.72539682539682,0.175714285714286,"2"
"374","BGVCOL_15061553","Type_Campo","Ploidy_Tetraploid","Solanum tuberosum subsp. andigena","CCC_Group_CCC_Group_B1",9.16666666666667,11.8888888888889,0.593888888888889,"2"
"375","BGVCOL_15061555","Type_Campo","Ploidy_Tetraploid","Solanum tuberosum subsp. andigena","CCC_Group_CCC_Group_B1",2.93333333333333,4.33333333333333,0.169444444444444,"2"
"376","BGVCOL_15061556","Type_Campo","Ploidy_Tetraploid","Solanum tuberosum subsp. andigena","CCC_Group_CCC_Group_B2",8.23333333333333,10.9679824561403,0.455394736842105,"2"
"377","BGVCOL_15061957","Type_Campo","Ploidy_Tetraploid","Solanum tuberosum subsp. andigena","CCC_Group_CCC_Group_B1",0.5,3.8,0.1175,"2"
"378","BGVCOL_15061557","Type_Campo","Ploidy_Tetraploid","Solanum tuberosum subsp. andigena","CCC_Group_CCC_Group_B1",8.83333333333333,8.38137788137788,0.64988344988345,"2"
"379","BGVCOL_15061560","Type_Campo","Ploidy_Tetraploid","Solanum tuberosum subsp. andigena","CCC_Group_CCC_Group_B1",5.6,8.01153846153846,0.354038461538462,"2"
"380","BGVCOL_15061561","Type_Campo","Ploidy_Tetraploid","Solanum tuberosum subsp. andigena","CCC_Group_CCC_Group_B1",16.6,19.9347222222222,1.02194444444444,"5"
"381","BGVCOL_15061564","Type_Campo","Ploidy_Unknown","Solanum tuberosum subsp. andigena","CCC_Group_CCC_Group_B1",2.86666666666667,8.1009324009324,0.246503496503497,"2"
"382","BGVCOL_15061565","Type_Campo","Ploidy_Tetraploid","Solanum tuberosum subsp. andigena","CCC_Group_CCC_Group_B2",2.4,6.46190476190476,0.276320346320346,"2"
"383","BGVCOL_15061566","Type_Campo","Ploidy_Tetraploid","Solanum tuberosum subsp. andigena","CCC_Group_CCC_Group_B1",12.6666666666667,16.787037037037,0.670925925925926,"4"
"384","BGVCOL_15061567","Type_Campo","Ploidy_Tetraploid","Solanum tuberosum subsp. andigena","CCC_Group_CCC_Group_B1",11.0666666666667,21.3208333333333,0.7825,"4"
"385","BGVCOL_15061568","Type_Campo","Ploidy_Tetraploid","Solanum tuberosum subsp. andigena","CCC_Group_CCC_Group_B1",6.4,12.5247863247863,0.46965811965812,"2"
"386","BGVCOL_15061571","Type_Campo","Ploidy_Tetraploid","Solanum tuberosum subsp. andigena","CCC_Group_CCC_Group_B1",5.43333333333333,18.6759259259259,0.477407407407407,"4"
"387","BGVCOL_15061958","Type_Campo","Ploidy_Tetraploid","Solanum tuberosum subsp. andigena","CCC_Group_CCC_Group_B1",16.0333333333333,29.0801587301587,1.02301587301587,"5"
"388","BGVCOL_15061575","Type_Campo","Ploidy_Tetraploid","Solanum tuberosum subsp. andigena","CCC_Group_CCC_Group_B1",12.2,18.2025641025641,1.03769230769231,"4"
"389","BGVCOL_15062130","Type_Campo","Ploidy_Tetraploid","Solanum tuberosum subsp. andigena","CCC_Group_CCC_Group_B1",22.1333333333333,22.8291666666667,1.27299019607843,"5"
"390","BGVCOL_15061576","Type_Campo","Ploidy_Tetraploid","Solanum tuberosum subsp. andigena","CCC_Group_CCC_Group_B2",12.5666666666667,9.18856209150327,0.823529411764706,"4"
"391","BGVCOL_15061577","Type_Campo","Ploidy_Tetraploid","Solanum tuberosum subsp. andigena","CCC_Group_CCC_Group_B1",14.3,14.3377990430622,0.902392344497608,"4"
"392","BGVCOL_15061578","Type_Campo","Ploidy_Tetraploid","Solanum tuberosum subsp. andigena","CCC_Group_CCC_Group_B1",17.2,20.5,0.86,"4"
"393","BGVCOL_15061579","Type_Campo","Ploidy_Tetraploid","Solanum tuberosum subsp. andigena","CCC_Group_CCC_Group_B1",21.3333333333333,33.4833333333333,1.275,"5"
"394","BGVCOL_15062356","Type_Campo","Ploidy_Tetraploid","Solanum tuberosum subsp. andigena","CCC_Group_CCC_Group_B1",19.1333333333333,15.0208333333333,1.22361111111111,"5"
"395","BGVCOL_15061580","Type_Campo","Ploidy_Tetraploid","Solanum tuberosum subsp. andigena","CCC_Group_CCC_Group_B1",13.1333333333333,16.6722222222222,0.94,"4"
"396","BGVCOL_15061583","Type_Campo","Ploidy_Tetraploid","Solanum tuberosum subsp. andigena","CCC_Group_CCC_Group_B2",16.5833333333333,9.52037037037037,0.981161616161616,"4"
"397","BGVCOL_15061584","Type_Campo","Ploidy_Tetraploid","Solanum tuberosum subsp. andigena","CCC_Group_CCC_Group_B2",15.5,12.5288770053476,0.994705882352941,"4"
"398","BGVCOL_15061585","Type_Campo","Ploidy_Tetraploid","Solanum tuberosum subsp. andigena","CCC_Group_CCC_Group_B2",12.55,7.33630952380952,0.799970238095238,"4"
"399","BGVCOL_15061586","Type_Campo","Ploidy_Tetraploid","Solanum tuberosum subsp. andigena","CCC_Group_CCC_Group_B2",6.96666666666667,17.4111111111111,0.445138888888889,"2"
"400","BGVCOL_15061588","Type_Campo","Ploidy_Tetraploid","Solanum tuberosum subsp. andigena","CCC_Group_CCC_Group_B2",7.2,30.4555555555556,1.265,"5"
"401","BGVCOL_15062133","Type_Campo","Ploidy_Tetraploid","Solanum tuberosum subsp. andigena","CCC_Group_CCC_Group_B1",6.56666666666667,15.7690476190476,0.625,"4"
"402","BGVCOL_15061600","Type_Campo","Ploidy_Unknown","Solanum tuberosum subsp. andigena","CCC_Group_CCC_Group_B1",3.33333333333333,8.44045584045584,0.364444444444444,"2"
"403","BGVCOL_15061601","Type_Campo","Ploidy_Tetraploid","Solanum tuberosum subsp. andigena","CCC_Group_CCC_Group_B1",7.7,10.2703296703297,0.653534798534799,"2"
"404","BGVCOL_15061602","Type_Campo","Ploidy_Tetraploid","Solanum tuberosum subsp. andigena","CCC_Group_CCC_Group_B1",9.93333333333333,11.2379120879121,0.637106227106227,"4"
"405","BGVCOL_15061603","Type_Campo","Ploidy_Tetraploid","Solanum tuberosum subsp. andigena","CCC_Group_CCC_Group_B1",11.2333333333333,20.3824009324009,0.739265734265734,"4"
"406","BGVCOL_15061604","Type_Campo","Ploidy_Tetraploid","Solanum tuberosum subsp. andigena","CCC_Group_CCC_Group_B2",19.78,16.0988636363636,1.36681818181818,"5"
"407","BGVCOL_15061605","Type_Campo","Ploidy_Tetraploid","Solanum tuberosum subsp. andigena","CCC_Group_CCC_Group_B2",14.4666666666667,21.4525252525252,1.14707070707071,"5"
"408","BGVCOL_15061607","Type_Campo","Ploidy_Tetraploid","Solanum tuberosum subsp. andigena","CCC_Group_CCC_Group_B1",19,27.7,0.95,"5"
"409","BGVCOL_15061608","Type_Campo","Ploidy_Tetraploid","Solanum tuberosum subsp. andigena","CCC_Group_CCC_Group_B2",10.25,5.38995098039216,0.566286764705882,"2"
"410","BGVCOL_15061609","Type_Campo","Ploidy_Tetraploid","Solanum tuberosum subsp. andigena","CCC_Group_CCC_Group_B1",7.16666666666667,22.1261904761905,0.724047619047619,"4"
"411","BGVCOL_15061610","Type_Campo","Ploidy_Tetraploid","Solanum tuberosum subsp. andigena","CCC_Group_CCC_Group_B1",12.1333333333333,18.5416666666667,1.035,"4"
"412","BGVCOL_15061612","Type_Campo","Ploidy_Tetraploid","Solanum tuberosum subsp. andigena","CCC_Group_CCC_Group_B1",12.0666666666667,10.2225490196078,0.653627450980392,"4"
"413","BGVCOL_15061613","Type_Campo","Ploidy_Tetraploid","Solanum tuberosum subsp. andigena","CCC_Group_CCC_Group_B2",14.2,10.7657407407407,0.929537037037037,"4"
"414","BGVCOL_15061960","Type_Campo","Ploidy_Tetraploid","Solanum tuberosum subsp. andigena","CCC_Group_CCC_Group_B1",16.4333333333333,23.5833333333333,0.988646723646724,"5"
"415","BGVCOL_15061614","Type_Campo","Ploidy_Tetraploid","Solanum tuberosum subsp. andigena","CCC_Group_CCC_Group_B2",9.13333333333333,10.0682336182336,0.573105413105413,"2"
"416","BGVCOL_15061961","Type_Campo","Ploidy_Tetraploid","Solanum tuberosum subsp. andigena","CCC_Group_CCC_Group_B1",17.0333333333333,23.793137254902,1.17460784313726,"5"
"417","BGVCOL_15062136","Type_Campo","Ploidy_Tetraploid","Solanum tuberosum subsp. andigena","CCC_Group_CCC_Group_B1",19.2,23.1541666666667,1.58208333333333,"5"
"418","BGVCOL_15062137","Type_Campo","Ploidy_Tetraploid","Solanum tuberosum subsp. andigena","CCC_Group_CCC_Group_B1",9.56666666666667,17.313141025641,0.613044871794872,"4"
"419","BGVCOL_15061619","Type_Campo","Ploidy_Tetraploid","Solanum tuberosum subsp. andigena","CCC_Group_CCC_Group_B1",7.16666666666667,11.1727106227106,0.480970695970696,"2"
"420","BGVCOL_15061621","Type_Campo","Ploidy_Tetraploid","Solanum tuberosum subsp. andigena","CCC_Group_CCC_Group_B1",19.1666666666667,19.3234649122807,1.04333333333333,"5"
"421","BGVCOL_15061622","Type_Campo","Ploidy_Tetraploid","Solanum tuberosum subsp. andigena","CCC_Group_CCC_Group_B1",8.9,12.8740196078431,0.507696078431373,"2"
"422","BGVCOL_15061623","Type_Campo","Ploidy_Tetraploid","Solanum tuberosum subsp. andigena","CCC_Group_CCC_Group_B1",7.6,9.45882352941176,0.408529411764706,"2"
"423","BGVCOL_15061624","Type_Campo","Ploidy_Tetraploid","Solanum tuberosum subsp. andigena","CCC_Group_CCC_Group_B1",16.8666666666667,16.0002192982456,0.934320175438597,"4"
"424","BGVCOL_15062138","Type_Campo","Ploidy_Tetraploid","Solanum tuberosum subsp. andigena","CCC_Group_CCC_Group_B1",18.3,23.0166666666667,1.08875,"5"
"425","BGVCOL_15061626","Type_Campo","Ploidy_Tetraploid","Solanum tuberosum subsp. andigena","CCC_Group_CCC_Group_B1",6.86666666666667,12.4805555555556,0.457361111111111,"2"
"426","BGVCOL_15061627","Type_Campo","Ploidy_Tetraploid","Solanum tuberosum subsp. andigena","CCC_Group_CCC_Group_B1",18.8666666666667,16.963141025641,1.17567307692308,"5"
"427","BGVCOL_15061628","Type_Campo","Ploidy_Tetraploid","Solanum tuberosum subsp. andigena","CCC_Group_CCC_Group_B1",17.8666666666667,18.8690476190476,1.12793650793651,"5"
"428","BGVCOL_15061629","Type_Campo","Ploidy_Tetraploid","Solanum tuberosum subsp. andigena","CCC_Group_CCC_Group_B1",10.5333333333333,15.2905982905983,0.686068376068376,"4"
"429","BGVCOL_15061630","Type_Campo","Ploidy_Tetraploid","Solanum tuberosum subsp. andigena","CCC_Group_CCC_Group_B1",13.3666666666667,15.0726495726496,0.858675213675214,"4"
"430","BGVCOL_15061631","Type_Campo","Ploidy_Tetraploid","Solanum tuberosum subsp. andigena","CCC_Group_CCC_Group_B1",14.5666666666667,20.6980186480186,1.03893939393939,"5"
"431","BGVCOL_15061632","Type_Campo","Ploidy_Tetraploid","Solanum tuberosum subsp. andigena","CCC_Group_CCC_Group_B2",6,10.1349206349206,0.377460317460317,"2"
"432","BGVCOL_15062139","Type_Campo","Ploidy_Tetraploid","Solanum tuberosum subsp. andigena","CCC_Group_CCC_Group_B1",5.2,15.2836538461539,0.517788461538462,"2"
"433","BGVCOL_15061634","Type_Campo","Ploidy_Tetraploid","Solanum tuberosum subsp. andigena","CCC_Group_CCC_Group_B1",4.2,5.94871794871795,0.343589743589744,"2"
"434","BGVCOL_15061962","Type_Campo","Ploidy_Tetraploid","Solanum tuberosum subsp. andigena","CCC_Group_CCC_Group_B2",11.4666666666667,7.85514705882353,0.657941176470588,"2"
"435","BGVCOL_15061637","Type_Campo","Ploidy_Tetraploid","Solanum tuberosum subsp. andigena","CCC_Group_CCC_Group_B1",9.4,15.8236111111111,0.544583333333333,"4"
"436","BGVCOL_15061638","Type_Campo","Ploidy_Tetraploid","Solanum tuberosum subsp. andigena","CCC_Group_CCC_Group_B1",17.8,21.3333333333333,1.04351851851852,"5"
"437","BGVCOL_15061639","Type_Campo","Ploidy_Tetraploid","Solanum tuberosum subsp. andigena","CCC_Group_CCC_Group_B2",12.3666666666667,13.4328431372549,0.70953431372549,"4"
"438","BGVCOL_15061640","Type_Campo","Ploidy_Tetraploid","Solanum tuberosum subsp. andigena","CCC_Group_CCC_Group_B1",6.36666666666667,3.91666666666667,0.351190476190476,"2"
"439","BGVCOL_15061641","Type_Campo","Ploidy_Tetraploid","Solanum tuberosum subsp. andigena","CCC_Group_CCC_Group_B2",13.9666666666667,14.5481481481481,0.805925925925926,"4"
"440","BGVCOL_15061642","Type_Campo","Ploidy_Tetraploid","Solanum tuberosum subsp. andigena","CCC_Group_CCC_Group_B1",12.1666666666667,10.9916666666667,0.83125,"4"
"441","BGVCOL_15061645","Type_Campo","Ploidy_Tetraploid","Solanum tuberosum subsp. andigena","CCC_Group_CCC_Group_B1",16.7,8.3,0.835,"4"
"442","BGVCOL_15061963","Type_Campo","Ploidy_Tetraploid","Solanum tuberosum subsp. andigena","CCC_Group_CCC_Group_B1",13.3333333333333,22.7051282051282,1.05470085470085,"5"
"443","BGVCOL_15061646","Type_Campo","Ploidy_Tetraploid","Solanum tuberosum subsp. andigena","CCC_Group_CCC_Group_B1",11.7,18.9277777777778,0.727222222222222,"4"
"444","BGVCOL_15061647","Type_Campo","Ploidy_Tetraploid","Solanum tuberosum subsp. andigena","CCC_Group_CCC_Group_B1",10.5333333333333,36.6031746031746,1.13968253968254,"5"
"445","BGVCOL_15061648","Type_Campo","Ploidy_Tetraploid","Solanum tuberosum subsp. andigena","CCC_Group_CCC_Group_B1",9.9,12.8597222222222,0.590277777777778,"4"
"446","BGVCOL_15061649","Type_Campo","Ploidy_Tetraploid","Solanum tuberosum subsp. andigena","CCC_Group_CCC_Group_B2",17.5333333333333,15.9,0.991666666666667,"4"
"447","BGVCOL_15061650","Type_Campo","Ploidy_Tetraploid","Solanum tuberosum subsp. andigena","CCC_Group_CCC_Group_B2",14.6666666666667,16.9228291316527,0.856946778711485,"4"
"448","BGVCOL_15061651","Type_Campo","Ploidy_Tetraploid","Solanum tuberosum subsp. andigena","CCC_Group_CCC_Group_B1",16.4,27.0539682539683,1.48746031746032,"5"
"449","BGVCOL_15061653","Type_Campo","Ploidy_Tetraploid","Solanum tuberosum subsp. andigena","CCC_Group_CCC_Group_B1",19.1666666666667,29.1404411764706,1.12453431372549,"5"
"450","BGVCOL_15061654","Type_Campo","Ploidy_Tetraploid","Solanum tuberosum subsp. andigena","CCC_Group_CCC_Group_B2",22.7333333333333,14.4833333333333,1.42666666666667,"5"
"451","BGVCOL_15061655","Type_Campo","Ploidy_Tetraploid","Solanum tuberosum subsp. andigena","CCC_Group_CCC_Group_B2",17.0666666666667,11.9863247863248,1.10897435897436,"4"
"452","BGVCOL_15061656","Type_Campo","Ploidy_Tetraploid","Solanum tuberosum subsp. andigena","CCC_Group_CCC_Group_B2",8.66666666666667,4.38027332144979,0.598098633392751,"2"
"453","BGVCOL_15061658","Type_Campo","Ploidy_Tetraploid","Solanum tuberosum subsp. andigena","CCC_Group_CCC_Group_B2",17.6,11.5671191553544,1.13472850678733,"4"
"454","BGVCOL_15061659","Type_Campo","Ploidy_Tetraploid","Solanum tuberosum subsp. andigena","CCC_Group_CCC_Group_B2",9.86666666666667,6.62692307692308,0.64323717948718,"2"
"455","BGVCOL_15061661","Type_Campo","Ploidy_Tetraploid","Solanum tuberosum subsp. andigena","CCC_Group_CCC_Group_B2",14.4666666666667,9.54867724867725,1.11494708994709,"4"
"456","BGVCOL_15061662","Type_Campo","Ploidy_Tetraploid","Solanum tuberosum subsp. andigena","CCC_Group_CCC_Group_B1",21.6,11.0677248677249,1.25314814814815,"4"
"457","BGVCOL_15062357","Type_Campo","Ploidy_Tetraploid","Solanum tuberosum subsp. andigena","CCC_Group_CCC_Group_B1",20.8333333333333,25.4353174603175,1.14541666666667,"5"
"458","BGVCOL_15062142","Type_Campo","Ploidy_Tetraploid","Solanum tuberosum subsp. andigena","CCC_Group_CCC_Group_B2",6.8,5.26078431372549,0.370294117647059,"2"
"459","BGVCOL_15061665","Type_Campo","Ploidy_Tetraploid","Solanum tuberosum subsp. andigena","CCC_Group_CCC_Group_B2",4.66666666666667,4.22272727272727,0.303787878787879,"2"
"460","BGVCOL_15061666","Type_Campo","Ploidy_Tetraploid","Solanum tuberosum subsp. andigena","CCC_Group_CCC_Group_B1",7.86666666666667,11.3436507936508,0.483888888888889,"2"
"461","BGVCOL_15061668","Type_Campo","Ploidy_Tetraploid","Solanum tuberosum subsp. andigena","CCC_Group_CCC_Group_B2",8.76666666666667,6.38071895424837,0.502843137254902,"2"
"462","BGVCOL_15062143","Type_Campo","Ploidy_Tetraploid","Solanum tuberosum subsp. andigena","CCC_Group_CCC_Group_B1",7.93333333333333,9.9765350877193,0.457331871345029,"2"
"463","BGVCOL_15061667","Type_Campo","Ploidy_Tetraploid","Solanum tuberosum subsp. andigena","CCC_Group_CCC_Group_B1",17.3,12.6625,0.994166666666667,"4"
"464","BGVCOL_15061669","Type_Campo","Ploidy_Tetraploid","Solanum tuberosum subsp. andigena","CCC_Group_CCC_Group_B1",9.3,13.1111111111111,0.659444444444444,"4"
"465","BGVCOL_15061670","Type_Campo","Ploidy_Tetraploid","Solanum tuberosum subsp. andigena","CCC_Group_CCC_Group_B2",14.4,10.8433823529412,0.816813725490196,"4"
"466","BGVCOL_15061671","Type_Campo","Ploidy_Tetraploid","Solanum tuberosum subsp. andigena","CCC_Group_CCC_Group_B1",8.5,11.2420634920635,0.529285714285714,"2"
"467","BGVCOL_15061673","Type_Campo","Ploidy_Tetraploid","Solanum tuberosum subsp. andigena","CCC_Group_CCC_Group_B2",24.7,20.95,1.235,"5"
"468","BGVCOL_15061676","Type_Campo","Ploidy_Tetraploid","Solanum tuberosum subsp. andigena","CCC_Group_CCC_Group_B1",4.36666666666667,5.79583333333333,0.299583333333333,"2"
"469","BGVCOL_15061677","Type_Campo","Ploidy_Tetraploid","Solanum tuberosum subsp. andigena","CCC_Group_CCC_Group_B1",10.4666666666667,22.9722222222222,0.874444444444444,"4"
"470","BGVCOL_15061678","Type_Campo","Ploidy_Tetraploid","Solanum tuberosum subsp. andigena","CCC_Group_CCC_Group_B1",14.7666666666667,19.7159090909091,1.01666666666667,"5"
"471","BGVCOL_15061679","Type_Campo","Ploidy_Tetraploid","Solanum tuberosum subsp. andigena","CCC_Group_CCC_Group_B1",8.8,11.6243697478992,0.605588235294118,"2"
"472","BGVCOL_15061680","Type_Campo","Ploidy_Tetraploid","Solanum tuberosum subsp. andigena","CCC_Group_CCC_Group_B2",16.4666666666667,19.3888888888889,0.97125,"4"
"473","BGVCOL_15061682","Type_Campo","Ploidy_Tetraploid","Solanum tuberosum subsp. andigena","CCC_Group_CCC_Group_B1",2.46666666666667,5.80715240641711,0.163926024955437,"2"
"474","BGVCOL_15061683","Type_Campo","Ploidy_Tetraploid","Solanum tuberosum subsp. andigena","CCC_Group_CCC_Group_B1",12.4666666666667,18.0752100840336,0.724467787114846,"4"
"475","BGVCOL_15061684","Type_Campo","Ploidy_Tetraploid","Solanum tuberosum subsp. andigena","CCC_Group_CCC_Group_B2",8.73333333333333,6.23996101364522,0.459853801169591,"2"
"476","BGVCOL_15061685","Type_Campo","Ploidy_Tetraploid","Solanum tuberosum subsp. andigena","CCC_Group_CCC_Group_B1",4.83333333333333,5.74444444444444,0.288333333333333,"2"
"477","BGVCOL_15061686","Type_Campo","Ploidy_Tetraploid","Solanum tuberosum subsp. andigena","CCC_Group_CCC_Group_B1",4.03333333333333,4.7462962962963,0.243703703703704,"2"
"478","BGVCOL_15061687","Type_Campo","Ploidy_Tetraploid","Solanum tuberosum subsp. andigena","CCC_Group_CCC_Group_B1",2.93333333333333,2.63333333333333,0.178333333333333,"2"
"479","BGVCOL_15061702","Type_Campo","Ploidy_Tetraploid","Solanum tuberosum subsp. andigena","CCC_Group_CCC_Group_B1",0.366666666666667,1.86666666666667,0.0866666666666667,"2"
"480","BGVCOL_15061688","Type_Campo","Ploidy_Tetraploid","Solanum tuberosum subsp. andigena","CCC_Group_CCC_Group_B1",10.8333333333333,18.9904761904762,0.715833333333333,"4"
"481","BGVCOL_15062144","Type_Campo","Ploidy_Tetraploid","Solanum tuberosum subsp. andigena","CCC_Group_CCC_Group_B1",14.4,17.6991978609626,1.03029411764706,"4"
"482","BGVCOL_15061689","Type_Campo","Ploidy_Tetraploid","Solanum tuberosum subsp. andigena","CCC_Group_CCC_Group_B1",9.4,15.3642857142857,0.734285714285714,"4"
"483","BGVCOL_15061690","Type_Campo","Ploidy_Tetraploid","Solanum tuberosum subsp. andigena","CCC_Group_CCC_Group_B1",9.3,12.0804029304029,0.620054945054945,"4"
"484","BGVCOL_15062145","Type_Campo","Ploidy_Tetraploid","Solanum tuberosum subsp. andigena","CCC_Group_CCC_Group_B1",67,2.965,0.988333333333333,"3"
"485","BGVCOL_15061699","Type_Campo","Ploidy_Tetraploid","Solanum tuberosum subsp. andigena","CCC_Group_CCC_Group_B1",9.83333333333333,14.0388888888889,0.617916666666667,"4"
"486","BGVCOL_15061700","Type_Campo","Ploidy_Tetraploid","Solanum tuberosum subsp. andigena","CCC_Group_CCC_Group_B2",8.55,14.7666666666667,0.717613636363636,"4"
"487","BGVCOL_15061701","Type_Campo","Ploidy_Tetraploid","Solanum tuberosum subsp. andigena","CCC_Group_CCC_Group_B1",10.2,13.0230769230769,0.716538461538462,"4"
"488","BGVCOL_15061703","Type_Campo","Ploidy_Tetraploid","Solanum tuberosum subsp. andigena","CCC_Group_CCC_Group_B1",7.83333333333333,10.95,0.504444444444444,"2"
"489","BGVCOL_15061704","Type_Campo","Ploidy_Tetraploid","Solanum tuberosum subsp. andigena","CCC_Group_CCC_Group_B1",12.35,13.9821428571429,0.750357142857143,"4"
"490","BGVCOL_15061706","Type_Campo","Ploidy_Tetraploid","Solanum tuberosum subsp. andigena","CCC_Group_CCC_Group_B2",9.63333333333333,16.5333333333333,0.603690476190476,"4"
"491","BGVCOL_15061707","Type_Campo","Ploidy_Tetraploid","Solanum tuberosum subsp. andigena","CCC_Group_CCC_Group_B1",10.2,9.51363636363636,0.743181818181818,"4"
"492","BGVCOL_15062146","Type_Campo","Ploidy_Tetraploid","Solanum tuberosum subsp. andigena","CCC_Group_CCC_Group_B1",13.5,11.8319444444444,0.772962962962963,"4"
"493","BGVCOL_15061709","Type_Campo","Ploidy_Tetraploid","Solanum tuberosum subsp. andigena","CCC_Group_CCC_Group_B1",9.53333333333333,12.812962962963,0.857592592592593,"4"
"494","BGVCOL_15061710","Type_Campo","Ploidy_Tetraploid","Solanum tuberosum subsp. andigena","CCC_Group_CCC_Group_B1",17.0666666666667,13.7660130718954,1.13029411764706,"4"
"495","BGVCOL_15061712","Type_Campo","Ploidy_Tetraploid","Solanum tuberosum subsp. andigena","CCC_Group_CCC_Group_B1",12.7333333333333,9.47727272727273,0.846158645276292,"4"
"496","BGVCOL_15062369","Type_Campo","Ploidy_Tetraploid","Solanum tuberosum subsp. andigena","CCC_Group_CCC_Group_B1",11,19.8991452991453,0.886367521367521,"4"
"497","BGVCOL_15061713","Type_Campo","Ploidy_Tetraploid","Solanum tuberosum subsp. andigena","CCC_Group_CCC_Group_B1",9.83333333333333,11.5337104072398,0.586742081447964,"2"
"498","BGVCOL_15061714","Type_Campo","Ploidy_Tetraploid","Solanum tuberosum subsp. andigena","CCC_Group_CCC_Group_B1",10.7,9.08547008547009,0.659444444444444,"2"
"499","BGVCOL_15062147","Type_Campo","Ploidy_Tetraploid","Solanum tuberosum subsp. andigena","CCC_Group_CCC_Group_B1",13.8666666666667,13.7405723905724,1.12545454545455,"4"
"500","BGVCOL_15061717","Type_Campo","Ploidy_Tetraploid","Solanum tuberosum subsp. andigena","CCC_Group_CCC_Group_B1",17.2,11.4,1.01263888888889,"4"
"501","BGVCOL_15061718","Type_Campo","Ploidy_Tetraploid","Solanum tuberosum subsp. andigena","CCC_Group_CCC_Group_B1",8.98333333333333,8.01721132897603,0.631938997821351,"2"
"502","BGVCOL_15061964","Type_Campo","Ploidy_Tetraploid","Solanum tuberosum subsp. andigena","CCC_Group_CCC_Group_B1",9.46666666666667,13.1444444444444,0.717592592592593,"4"
"503","BGVCOL_15061719","Type_Campo","Ploidy_Tetraploid","Solanum tuberosum subsp. andigena","CCC_Group_CCC_Group_B1",10.6333333333333,10.8339285714286,0.635,"4"
"504","BGVCOL_15061720","Type_Campo","Ploidy_Tetraploid","Solanum tuberosum subsp. andigena","CCC_Group_CCC_Group_B1",10.2333333333333,33.3076923076923,1.67925925925926,"5"
"505","BGVCOL_15062358","Type_Campo","Ploidy_Tetraploid","Solanum tuberosum subsp. andigena","CCC_Group_CCC_Group_B1",9.03333333333333,169.688888888889,6.465,"6"
"506","BGVCOL_15061721","Type_Campo","Ploidy_Tetraploid","Solanum tuberosum subsp. andigena","CCC_Group_CCC_Group_B1",11.6,16.0462962962963,0.74,"4"
"507","BGVCOL_15061722","Type_Campo","Ploidy_Tetraploid","Solanum tuberosum subsp. andigena","CCC_Group_CCC_Group_B1",10.1,11.7920634920635,0.65015873015873,"4"
"508","BGVCOL_15061723","Type_Campo","Ploidy_Tetraploid","Solanum tuberosum subsp. andigena","CCC_Group_CCC_Group_B1",11.9333333333333,16.8388888888889,0.743518518518519,"4"
"509","BGVCOL_15061724","Type_Campo","Ploidy_Tetraploid","Solanum tuberosum subsp. andigena","CCC_Group_CCC_Group_B1",10,10.1416666666667,0.732916666666667,"4"
"510","BGVCOL_15062149","Type_Campo","Ploidy_Tetraploid","Solanum tuberosum subsp. andigena","CCC_Group_CCC_Group_B1",8.73333333333333,7.79861111111111,0.566944444444444,"2"
"511","BGVCOL_15061725","Type_Campo","Ploidy_Tetraploid","Solanum tuberosum subsp. andigena","CCC_Group_CCC_Group_B1",5.16666666666667,7.20454545454546,0.401515151515151,"2"
"512","BGVCOL_15061726","Type_Campo","Ploidy_Tetraploid","Solanum tuberosum subsp. andigena","CCC_Group_CCC_Group_B2",6.3,7.32638888888889,0.441666666666667,"2"
"513","BGVCOL_15061729","Type_Campo","Ploidy_Tetraploid","Solanum tuberosum subsp. andigena","CCC_Group_CCC_Group_B1",8.86666666666667,11.4481481481481,0.698518518518518,"4"
"514","BGVCOL_15061730","Type_Campo","Ploidy_Tetraploid","Solanum tuberosum subsp. andigena","CCC_Group_CCC_Group_B1",6.1,6.83823529411765,0.363333333333333,"2"
"515","BGVCOL_15061731","Type_Campo","Ploidy_Tetraploid","Solanum tuberosum subsp. andigena","CCC_Group_CCC_Group_B1",7.73333333333333,22.3166666666667,0.964166666666667,"5"
"516","BGVCOL_15061733","Type_Campo","Ploidy_Tetraploid","Solanum tuberosum subsp. andigena","CCC_Group_CCC_Group_B1",8.26666666666667,10.4111111111111,0.482631578947369,"2"
"517","BGVCOL_15061734","Type_Campo","Ploidy_Tetraploid","Solanum tuberosum subsp. andigena","CCC_Group_CCC_Group_B1",16.6333333333333,15.1378787878788,1.26984848484849,"5"
"518","BGVCOL_15061735","Type_Campo","Ploidy_Tetraploid","Solanum tuberosum subsp. andigena","CCC_Group_CCC_Group_B1",9.1,5.975,0.50375,"2"
"519","BGVCOL_15062150","Type_Campo","Ploidy_Tetraploid","Solanum tuberosum subsp. andigena","CCC_Group_CCC_Group_B1",7.63333333333333,11.6240384615385,0.465416666666667,"2"
"520","BGVCOL_15062151","Type_Campo","Ploidy_Tetraploid","Solanum tuberosum subsp. andigena","CCC_Group_CCC_Group_B1",8.53333333333333,9.7125,0.501666666666667,"2"
"521","BGVCOL_15061736","Type_Campo","Ploidy_Tetraploid","Solanum tuberosum subsp. andigena","CCC_Group_CCC_Group_B1",10.7333333333333,9.7375,0.807916666666667,"4"
"522","BGVCOL_15061737","Type_Campo","Ploidy_Tetraploid","Solanum tuberosum subsp. andigena","CCC_Group_CCC_Group_B1",9.4,8.67407407407407,0.565396825396825,"2"
"523","BGVCOL_15062152","Type_Campo","Ploidy_Tetraploid","Solanum tuberosum subsp. andigena","CCC_Group_CCC_Group_B1",7.23333333333333,12.6710955710956,0.544265734265734,"2"
"524","BGVCOL_15061738","Type_Campo","Ploidy_Tetraploid","Solanum tuberosum subsp. andigena","CCC_Group_CCC_Group_B1",10.65,15.6321428571429,0.668571428571429,"4"
"525","BGVCOL_15061740","Type_Campo","Ploidy_Tetraploid","Solanum tuberosum subsp. andigena","CCC_Group_CCC_Group_B1",4.66666666666667,5.37962962962963,0.257777777777778,"2"
"526","BGVCOL_15062153","Type_Campo","Ploidy_Tetraploid","Solanum tuberosum subsp. andigena","CCC_Group_CCC_Group_B1",11.3,16.392735042735,0.812393162393163,"4"
"527","BGVCOL_15061742","Type_Campo","Ploidy_Tetraploid","Solanum tuberosum subsp. andigena","CCC_Group_CCC_Group_B1",11.6666666666667,13.8430555555556,0.679722222222222,"4"
"528","BGVCOL_15061744","Type_Campo","Ploidy_Tetraploid","Solanum tuberosum subsp. andigena","CCC_Group_CCC_Group_B2",8.3,9.30357142857143,0.513988095238095,"2"
"529","BGVCOL_15061965","Type_Campo","Ploidy_Tetraploid","Solanum tuberosum subsp. andigena","CCC_Group_CCC_Group_B1",9.66666666666667,10.6720238095238,0.582619047619048,"2"
"530","BGVCOL_15061747","Type_Campo","Ploidy_Tetraploid","Solanum tuberosum subsp. andigena","CCC_Group_CCC_Group_B1",9.66666666666667,16.7369047619048,0.820238095238095,"4"
"531","BGVCOL_15061751","Type_Campo","Ploidy_Tetraploid","Solanum tuberosum subsp. andigena","CCC_Group_CCC_Group_B2",7.1,7.13240740740741,0.3925,"2"
"532","BGVCOL_15061752","Type_Campo","Ploidy_Tetraploid","Solanum tuberosum subsp. andigena","CCC_Group_CCC_Group_B1",7.93333333333333,12.1388888888889,0.53125,"2"
"533","BGVCOL_15061753","Type_Campo","Ploidy_Tetraploid","Solanum tuberosum subsp. andigena","CCC_Group_CCC_Group_B1",12.4,18.625,0.998333333333334,"4"
"534","BGVCOL_15061754","Type_Campo","Ploidy_Tetraploid","Solanum tuberosum subsp. andigena","CCC_Group_CCC_Group_B2",13.9333333333333,12.8421568627451,0.80203431372549,"4"
"535","BGVCOL_15061755","Type_Campo","Ploidy_Tetraploid","Solanum tuberosum subsp. andigena","CCC_Group_CCC_Group_B1",11.8,16.3333333333333,0.709166666666667,"4"
"536","BGVCOL_15061756","Type_Campo","Ploidy_Tetraploid","Solanum tuberosum subsp. andigena","CCC_Group_CCC_Group_B1",14.6666666666667,20.0565527065527,0.894188034188034,"4"
"537","BGVCOL_15061757","Type_Campo","Ploidy_Tetraploid","Solanum tuberosum subsp. andigena","CCC_Group_CCC_Group_B1",12.0333333333333,18.8666666666667,0.802777777777778,"4"
"538","BGVCOL_15061758","Type_Campo","Ploidy_Tetraploid","Solanum tuberosum subsp. andigena","CCC_Group_CCC_Group_B1",6.2,8.48333333333333,0.389702380952381,"2"
"539","BGVCOL_15061759","Type_Campo","Ploidy_Tetraploid","Solanum tuberosum subsp. andigena","CCC_Group_CCC_Group_B1",5.43333333333333,7.81593137254902,0.298725490196078,"2"
"540","BGVCOL_15061760","Type_Campo","Ploidy_Tetraploid","Solanum tuberosum subsp. andigena","CCC_Group_CCC_Group_B1",9.6,10.1651515151515,0.612121212121212,"2"
"541","BGVCOL_15061761","Type_Campo","Ploidy_Tetraploid","Solanum tuberosum subsp. andigena","CCC_Group_CCC_Group_B1",8.33333333333333,8.66666666666667,0.476666666666667,"2"
"542","BGVCOL_15061762","Type_Campo","Ploidy_Tetraploid","Solanum tuberosum subsp. andigena","CCC_Group_CCC_Group_B1",11.0166666666667,13.2444444444445,0.740208333333333,"4"
"543","BGVCOL_15061763","Type_Campo","Ploidy_Tetraploid","Solanum tuberosum subsp. andigena","CCC_Group_CCC_Group_B1",15.6,13.8958333333333,0.870231481481481,"4"
"544","BGVCOL_15061764","Type_Campo","Ploidy_Tetraploid","Solanum tuberosum subsp. andigena","CCC_Group_CCC_Group_B1",18.1666666666667,14.425,1.0302850877193,"4"
"545","BGVCOL_15061765","Type_Campo","Ploidy_Tetraploid","Solanum tuberosum subsp. andigena","CCC_Group_CCC_Group_B1",16.4333333333333,14.9555555555556,0.995138888888889,"4"
"546","BGVCOL_15061766","Type_Campo","Ploidy_Tetraploid","Solanum tuberosum subsp. andigena","CCC_Group_CCC_Group_B1",12.6,19.5,0.75,"4"
"547","BGVCOL_15061768","Type_Campo","Ploidy_Tetraploid","Solanum tuberosum subsp. andigena","CCC_Group_CCC_Group_B1",6.16666666666667,11.2928571428571,0.364702380952381,"2"
"548","BGVCOL_15061769","Type_Campo","Ploidy_Tetraploid","Solanum tuberosum subsp. andigena","CCC_Group_CCC_Group_B1",7.4,13.0722222222222,0.47375,"2"
"549","BGVCOL_15061771","Type_Campo","Ploidy_Tetraploid","Solanum tuberosum subsp. andigena","CCC_Group_CCC_Group_B1",9.06666666666667,14.2833333333333,0.536944444444444,"4"
"550","BGVCOL_15061772","Type_Campo","Ploidy_Tetraploid","Solanum tuberosum subsp. andigena","CCC_Group_CCC_Group_B1",5.2,21.3383838383838,0.396380471380471,"4"
"551","BGVCOL_15061773","Type_Campo","Ploidy_Tetraploid","Solanum tuberosum subsp. andigena","CCC_Group_CCC_Group_B1",5.7,7.87777777777778,0.344444444444444,"2"
"552","BGVCOL_15061966","Type_Campo","Ploidy_Tetraploid","Solanum tuberosum subsp. andigena","CCC_Group_CCC_Group_B1",5.63333333333333,11.6166666666667,0.468333333333333,"2"
"553","BGVCOL_15061776","Type_Campo","Ploidy_Tetraploid","Solanum tuberosum subsp. andigena","CCC_Group_CCC_Group_B2",7.1,20.9161375661376,0.401164021164021,"4"
"554","BGVCOL_15061777","Type_Campo","Ploidy_Tetraploid","Solanum tuberosum subsp. andigena","CCC_Group_CCC_Group_B1",10.3333333333333,16.0416666666667,0.701805555555556,"4"
"555","BGVCOL_15061778","Type_Campo","Ploidy_Tetraploid","Solanum tuberosum subsp. andigena","CCC_Group_CCC_Group_B1",13.5666666666667,14.0111111111111,0.846944444444444,"4"
"556","BGVCOL_15061784","Type_Campo","Ploidy_Tetraploid","Solanum tuberosum subsp. andigena","CCC_Group_CCC_Group_B1",12.15,11.0892857142857,0.790714285714286,"4"
"557","BGVCOL_15061785","Type_Campo","Ploidy_Unknown","Solanum tuberosum subsp. andigena","CCC_Group_CCC_Group_B1",19.9333333333333,16.3833333333333,1.36416666666667,"5"
"558","BGVCOL_15062359","Type_Campo","Ploidy_Tetraploid","Solanum tuberosum subsp. andigena","CCC_Group_CCC_Group_B2",13.0333333333333,12.4944444444445,1.03722222222222,"4"
"559","BGVCOL_15062370","Type_Campo","Ploidy_Tetraploid","Solanum tuberosum subsp. andigena","CCC_Group_CCC_Group_B1",13.5333333333333,10.0916666666667,0.78375,"4"
"560","BGVCOL_15061788","Type_Campo","Ploidy_Tetraploid","Solanum tuberosum subsp. andigena","CCC_Group_CCC_Group_B1",17.7,15.9646464646465,1.3899494949495,"5"
"561","BGVCOL_15061967","Type_Campo","Ploidy_Tetraploid","Solanum tuberosum subsp. andigena","CCC_Group_CCC_Group_B1",12.8333333333333,12.2532051282051,0.755320512820513,"4"
"562","BGVCOL_15061789","Type_Campo","Ploidy_Tetraploid","Solanum tuberosum subsp. andigena","CCC_Group_CCC_Group_B2",1.36666666666667,3.26111111111111,0.0777777777777778,"2"
"563","BGVCOL_15061790","Type_Campo","Ploidy_Tetraploid","Solanum tuberosum subsp. andigena","CCC_Group_CCC_Group_B1",13.6666666666667,11.1777777777778,0.926507936507937,"4"
"564","BGVCOL_15061792","Type_Campo","Ploidy_Tetraploid","Solanum tuberosum subsp. andigena","CCC_Group_CCC_Group_B2",4.1,11.3680555555556,0.237638888888889,"2"
"565","BGVCOL_15061968","Type_Campo","Ploidy_Tetraploid","Solanum tuberosum subsp. andigena","CCC_Group_CCC_Group_B1",11.2666666666667,15.1388888888889,0.694166666666667,"4"
"566","BGVCOL_15061795","Type_Campo","Ploidy_Tetraploid","Solanum tuberosum subsp. andigena","CCC_Group_CCC_Group_B1",13.9,13.5,0.929166666666667,"4"
"567","BGVCOL_15061797","Type_Campo","Ploidy_Tetraploid","Solanum tuberosum subsp. andigena","CCC_Group_CCC_Group_B1",6.85,13.2388888888889,0.486666666666667,"2"
"568","BGVCOL_15061798","Type_Campo","Ploidy_Tetraploid","Solanum tuberosum subsp. andigena","CCC_Group_CCC_Group_B1",6.06666666666667,10.1666666666667,0.53,"2"
"569","BGVCOL_15061799","Type_Campo","Ploidy_Tetraploid","Solanum tuberosum subsp. andigena","CCC_Group_CCC_Group_B1",9.43333333333333,13.4113095238095,0.56452380952381,"4"
"570","BGVCOL_15061800","Type_Campo","Ploidy_Tetraploid","Solanum tuberosum subsp. andigena","CCC_Group_CCC_Group_B1",7.26666666666667,8.8,0.45625,"2"
"571","BGVCOL_15062360","Type_Campo","Ploidy_Tetraploid","Solanum tuberosum subsp. andigena","CCC_Group_CCC_Group_B2",15.5333333333333,15.9869047619048,1.01964285714286,"4"
"572","BGVCOL_15062361","Type_Campo","Ploidy_Tetraploid","Solanum tuberosum subsp. andigena","CCC_Group_CCC_Group_B1",14.95,15.7107142857143,0.902321428571429,"4"
"573","BGVCOL_15061801","Type_Campo","Ploidy_Tetraploid","Solanum tuberosum subsp. andigena","CCC_Group_CCC_Group_B2",8.21666666666667,8.00795454545455,0.50844696969697,"2"
"574","BGVCOL_15062371","Type_Campo","Ploidy_Tetraploid","Solanum tuberosum subsp. andigena","CCC_Group_CCC_Group_B2",7.06666666666667,6.725,0.406666666666667,"2"
"575","BGVCOL_15061969","Type_Campo","Ploidy_Tetraploid","Solanum tuberosum subsp. andigena","CCC_Group_CCC_Group_B2",6.63333333333333,5.77083333333333,0.390694444444445,"2"
"576","BGVCOL_15061808","Type_Campo","Ploidy_Tetraploid","Solanum tuberosum subsp. andigena","CCC_Group_CCC_Group_B2",10.1833333333333,7.84285714285714,0.639970238095238,"2"
"577","BGVCOL_15061810","Type_Campo","Ploidy_Tetraploid","Solanum tuberosum subsp. andigena","CCC_Group_CCC_Group_B1",9.83333333333333,5.025,0.544166666666667,"2"
"578","BGVCOL_15061811","Type_Campo","Ploidy_Tetraploid","Solanum tuberosum subsp. andigena","CCC_Group_CCC_Group_B1",6.2,9.08333333333333,0.835555555555556,"4"
"579","BGVCOL_15062362","Type_Campo","Ploidy_Tetraploid","Solanum tuberosum subsp. andigena","CCC_Group_CCC_Group_B1",7.2,9.99194139194139,0.521611721611722,"2"
"580","BGVCOL_15061813","Type_Campo","Ploidy_Tetraploid","Solanum tuberosum subsp. andigena","CCC_Group_CCC_Group_B2",7.5,10.2700854700855,0.556025641025641,"2"
"581","BGVCOL_15061814","Type_Campo","Ploidy_Tetraploid","Solanum tuberosum subsp. andigena","CCC_Group_CCC_Group_B2",12.3,9.68636363636364,0.858484848484848,"4"
"582","BGVCOL_15061815","Type_Campo","Ploidy_Tetraploid","Solanum tuberosum subsp. andigena","CCC_Group_CCC_Group_B2",10.2,8.22222222222222,0.616666666666667,"2"
"583","BGVCOL_15062372","Type_Campo","Ploidy_Tetraploid","Solanum tuberosum subsp. andigena","CCC_Group_CCC_Group_B1",3.93333333333333,6.44045584045584,0.285327635327635,"2"
"584","BGVCOL_15061826","Type_Campo","Ploidy_Tetraploid","Solanum tuberosum subsp. andigena","CCC_Group_CCC_Group_B1",7.9,94.2301587301587,5.18756613756614,"6"
"585","BGVCOL_15062373","Type_Campo","Ploidy_Tetraploid","Solanum tuberosum subsp. andigena","CCC_Group_CCC_Group_B2",12.2666666666667,14.1307692307692,0.815192307692308,"4"
"586","BGVCOL_15061893","Type_Campo","Ploidy_Tetraploid","Solanum tuberosum subsp. andigena","CCC_Group_CCC_Group_B2",16.2,16.0358974358974,1.08201923076923,"4"
"587","BGVCOL_15061894","Type_Campo","Ploidy_Tetraploid","Solanum tuberosum subsp. andigena","CCC_Group_CCC_Group_B1",7.4,11.6,0.185,"2"
"588","BGVCOL_15062379","Type_Campo","Ploidy_Tetraploid","Solanum tuberosum subsp. andigena","CCC_Group_CCC_Group_B1",7.56666666666667,5.18333333333333,0.245,"2"
"589","BGVCOL_15062380","Type_Campo","Ploidy_Tetraploid","Solanum tuberosum subsp. andigena","CCC_Group_CCC_Group_B1",12.9333333333333,9.75,0.77,"4"
"590","BGVCOL_15062381","Type_Campo","Ploidy_Tetraploid","Solanum tuberosum subsp. andigena","CCC_Group_CCC_Group_B1",10.8666666666667,8.01666666666667,0.7275,"4"
"591","BGVCOL_15062382","Type_Campo","Ploidy_Tetraploid","Solanum tuberosum subsp. andigena","CCC_Group_CCC_Group_B1",13.1333333333333,8.05,0.805,"4"
"592","BGVCOL_15062383","Type_Campo","Ploidy_Tetraploid","Solanum tuberosum subsp. andigena","CCC_Group_CCC_Group_B1",7.66666666666667,7.36666666666667,0.5175,"2"
"593","BGVCOL_15062384","Type_Campo","Ploidy_Tetraploid","Solanum tuberosum subsp. andigena","CCC_Group_CCC_Group_B1",15.4666666666667,6.43333333333333,0.82,"4"
"594","BGVCOL_15062385","Type_Campo","Ploidy_Tetraploid","Solanum tuberosum subsp. andigena","CCC_Group_CCC_Group_B1",8.16666666666667,4.26666666666667,0.425,"2"
"595","BGVCOL_15062386","Type_Campo","Ploidy_Tetraploid","Solanum tuberosum subsp. andigena","CCC_Group_CCC_Group_B1",12.6,9.7,0.715,"4"
"596","BGVCOL_15062387","Type_Campo","Ploidy_Tetraploid","Solanum tuberosum subsp. andigena","CCC_Group_CCC_Group_B1",7.76666666666667,5.75,0.535,"2"
"597","BGVCOL_15062389","Type_Campo","Ploidy_Tetraploid","Solanum tuberosum subsp. andigena","CCC_Group_CCC_Group_B2",8.36666666666667,5.11666666666667,0.325,"2"
"598","BGVCOL_15062390","Type_Campo","Ploidy_Tetraploid","Solanum tuberosum subsp. andigena","CCC_Group_CCC_Group_B2",12.4,8.08333333333333,0.6425,"2"
"599","BGVCOL_15062391","Type_Campo","Ploidy_Tetraploid","Solanum tuberosum subsp. andigena","CCC_Group_CCC_Group_B1",6.66666666666667,4.05,0.345,"2"
"600","BGVCOL_15062399","Type_Campo","Ploidy_Tetraploid","Solanum tuberosum subsp. andigena","CCC_Group_CCC_Group_B2",7.56666666666667,4.9,0.295,"2"
"601","BGVCOL_15062400","Type_Campo","Ploidy_Tetraploid","Solanum tuberosum subsp. andigena","CCC_Group_CCC_Group_B2",15.3,10.2,0.835,"4"
"602","BGVCOL_15062401","Type_Campo","Ploidy_Tetraploid","Solanum tuberosum subsp. andigena","CCC_Group_CCC_Group_B2",9.26666666666667,10.825,0.5,"2"
"603","BGVCOL_15062402","Type_Campo","Ploidy_Tetraploid","Solanum tuberosum subsp. andigena","CCC_Group_CCC_Group_B2",9.96666666666667,10.025,0.4625,"2"
"604","BGVCOL_15062404","Type_Campo","Ploidy_Tetraploid","Solanum tuberosum subsp. andigena","CCC_Group_CCC_Group_B1",12.8,17.4,0.7075,"4"
"605","BGVCOL_15062405","Type_Campo","Ploidy_Tetraploid","Solanum tuberosum subsp. andigena","CCC_Group_CCC_Group_B2",10,7.75,0.465,"2"
"606","BGVCOL_15061711","Type_Campo","Ploidy_Tetraploid","Solanum tuberosum subsp. andigena","CCC_Group_CCC_Group_B2",6.8,6,0.34,"2"
"607","BGVCOL_15061022","Type_Campo","Ploidy_Tetraploid","Solanum tuberosum subsp. andigena","CCC_Group_CCC_Group_B1",15.4,11.0055555555556,0.820555555555555,"4"
"608","BGVCOL_15060812","Type_Campo","Ploidy_Tetraploid","Solanum tuberosum subsp. andigena","CCC_Group_CCC_Group_B2",11.4,12.6138888888889,0.604444444444444,"4"
"609","BGVCOL_15060045","Type_Campo","Ploidy_Unknown","Solanum tuberosum subsp. andigena","CCC_Group_CCC_Group_B1",10,15.1666666666667,0.555555555555556,"4"
"610","BGVCOL_15060142","Type_Campo","Ploidy_Tetraploid","Solanum tuberosum subsp. andigena","CCC_Group_CCC_Group_B2",4.2,3.75625,0.2275,"2"
"611","BGVCOL_15060074","Type_Campo","Ploidy_Diploid","Solanum tuberosum subsp. phureja","CCC_Group_CCC_Group_A",52.5,2.415,0.805,"1"
"612","BGVCOL_15060100","Type_Campo","Ploidy_Diploid","Solanum tuberosum subsp. andigena","CCC_Group_CCC_Group_A",19.4,21.45,0.97,"5"
"613","BGVCOL_15060467","Type_Campo","Ploidy_Diploid","Solanum tuberosum subsp. andigena","CCC_Group_CCC_Group_A",10.4,17.6,1.04,"4"
"614","BGVCOL_15061235","Type_Campo","Ploidy_Tetraploid","Solanum tuberosum subsp. andigena","CCC_Group_CCC_Group_B1",20.5,21.1,1.025,"5"
"615","BGVCOL_15061236","Type_Campo","Ploidy_Tetraploid","Solanum tuberosum subsp. andigena","CCC_Group_CCC_Group_B1",18.2,13.3,0.91,"4"
"616","BGVCOL_15061239","Type_Campo","Ploidy_Tetraploid","Solanum tuberosum subsp. andigena","CCC_Group_CCC_Group_B1",14.6,14.6,0.73,"4"
"617","BGVCOL_15061255","Type_Campo","Ploidy_Tetraploid","Solanum tuberosum subsp. andigena","CCC_Group_CCC_Group_B1",20.3,14.35,1.015,"4"
"618","BGVCOL_15061280","Type_Campo","Ploidy_Diploid","Solanum tuberosum subsp. andigena","CCC_Group_CCC_Group_A",9.76666666666667,13.3767973856209,0.583006535947712,"4"
"619","BGVCOL_15061285","Type_Campo","Ploidy_Unknown","Solanum tuberosum subsp. andigena","CCC_Group_CCC_Group_B1",21.5,13.65,1.075,"4"
"620","BGVCOL_15061287","Type_Campo","Ploidy_Tetraploid","Solanum tuberosum subsp. andigena","CCC_Group_CCC_Group_A",6.2,7.5,0.31,"2"
"621","BGVCOL_15061288","Type_Campo","Ploidy_Tetraploid","Solanum tuberosum subsp. andigena","CCC_Group_CCC_Group_B1",19.6,20.337037037037,1.26148148148148,"5"
"622","BGVCOL_15061292","Type_Campo","Ploidy_Unknown","Solanum tuberosum subsp. andigena","CCC_Group_CCC_Group_B1",6.13333333333333,9.97450980392157,0.394500891265597,"2"
"623","BGVCOL_15061321","Type_Campo","Ploidy_Tetraploid","Solanum tuberosum subsp. andigena","CCC_Group_CCC_Group_B1",21.1,47,3.51666666666667,"5"
"624","BGVCOL_15061400","Type_Campo","Ploidy_Tetraploid","Solanum tuberosum subsp. andigena","CCC_Group_CCC_Group_B2",18,9.35,0.9,"4"
"625","BGVCOL_15061552","Type_Campo","Ploidy_Tetraploid","Solanum tuberosum subsp. andigena","CCC_Group_CCC_Group_B1",1.2,26.5,0.6,"4"
"626","BGVCOL_15061554","Type_Campo","Ploidy_Unknown","Solanum tuberosum subsp. andigena","CCC_Group_CCC_Group_B1",16.2,10.65,0.81,"4"
"627","BGVCOL_15061675","Type_Campo","Ploidy_Diploid","Solanum tuberosum subsp. phureja","CCC_Group_CCC_Group_A",62.5,2.75,0.916666666666667,"3"
"628","BGVCOL_15061705","Type_Campo","Ploidy_Unknown","Solanum tuberosum subsp. andigena","CCC_Group_CCC_Group_B1",13.8,12.9,0.69,"4"
"629","BGVCOL_15061940","Type_Campo","Ploidy_Tetraploid","Solanum tuberosum subsp. andigena","CCC_Group_CCC_Group_B1",14.8666666666667,19.2444444444444,1.22555555555556,"5"
"630","BGVCOL_15061943","Type_Campo","Ploidy_Tetraploid","Solanum tuberosum subsp. andigena","CCC_Group_CCC_Group_B1",14.6,17.5,0.73,"4"
"631","BGVCOL_15061956","Type_Campo","Ploidy_Tetraploid","Solanum tuberosum subsp. andigena","CCC_Group_CCC_Group_B1",18.3,16.2,0.915,"4"
"632","BGVCOL_15061980","Type_Campo","Ploidy_Diploid","Solanum tuberosum subsp. phureja","CCC_Group_CCC_Group_A",54.5,1.63,0.543333333333333,"1"
"633","BGVCOL_15061981","Type_Campo","Ploidy_Diploid","Solanum tuberosum subsp. phureja","CCC_Group_CCC_Group_A",61.5,2.805,0.935,"3"
"634","BGVCOL_15061985","Type_Campo","Ploidy_Diploid","Solanum tuberosum subsp. phureja","CCC_Group_CCC_Group_A",45,3.13,1.04333333333333,"1"
"635","BGVCOL_15061990","Type_Campo","Ploidy_Diploid","Solanum tuberosum subsp. phureja","CCC_Group_CCC_Group_A",69,2.735,0.911666666666667,"3"
"636","BGVCOL_15061993","Type_Campo","Ploidy_Diploid","Solanum tuberosum subsp. phureja","CCC_Group_CCC_Group_A",61.5,3.895,1.29833333333333,"3"
"637","BGVCOL_15061995","Type_Campo","Ploidy_Diploid","Solanum tuberosum subsp. phureja","CCC_Group_CCC_Group_A",88,2.02,0.673333333333333,"3"
"638","BGVCOL_15062004","Type_Campo","Ploidy_Diploid","Solanum tuberosum subsp. phureja","CCC_Group_CCC_Group_A",62.5,1.905,0.635,"1"
"639","BGVCOL_15062006","Type_Campo","Ploidy_Diploid","Solanum tuberosum subsp. phureja","CCC_Group_CCC_Group_A",70,2.55,0.85,"3"
"640","BGVCOL_15062007","Type_Campo","Ploidy_Diploid","Solanum tuberosum subsp. phureja","CCC_Group_CCC_Group_A",73.5,2.19,0.73,"3"
"641","BGVCOL_15062008","Type_Campo","Ploidy_Diploid","Solanum tuberosum subsp. phureja","CCC_Group_CCC_Group_A",67,3.885,1.295,"3"
"642","BGVCOL_15062012","Type_Campo","Ploidy_Diploid","Solanum tuberosum subsp. phureja","CCC_Group_CCC_Group_A",58,2.115,0.705,"1"
"643","BGVCOL_15062013","Type_Campo","Ploidy_Diploid","Solanum tuberosum subsp. phureja","CCC_Group_CCC_Group_A",60,2.155,0.718333333333333,"1"
"644","BGVCOL_15062016","Type_Campo","Ploidy_Diploid","Solanum tuberosum subsp. phureja","CCC_Group_CCC_Group_A",35,1.59,0.53,"1"
"645","BGVCOL_15062017","Type_Campo","Ploidy_Diploid","Solanum tuberosum subsp. phureja","CCC_Group_CCC_Group_A",38.5,2.51,0.836666666666667,"1"
"646","BGVCOL_15062023","Type_Campo","Ploidy_Diploid","Solanum tuberosum subsp. phureja","CCC_Group_CCC_Group_A",63.5,2.65,0.883333333333333,"3"
"647","BGVCOL_15062024","Type_In vitro","Ploidy_Diploid","Solanum tuberosum subsp. phureja","CCC_Group_CCC_Group_A",74,4.1,1.36666666666667,"3"
"648","BGVCOL_15062030","Type_Campo","Ploidy_Diploid","Solanum tuberosum subsp. phureja","CCC_Group_CCC_Group_A",75,3.675,1.225,"3"
"649","BGVCOL_15062181","Type_Campo","Ploidy_Diploid","Solanum tuberosum subsp. phureja","CCC_Group_CCC_Group_A",50,2.855,0.951666666666667,"1"
"650","BGVCOL_15062242","Type_Campo","Ploidy_No definido","Solanum tuberosum subsp. phureja","CCC_Group_No definido",71,2.93,0.976666666666667,"3"
"651","BGVCOL_15062243","Type_Campo","Ploidy_Diploid","Solanum tuberosum subsp. phureja","CCC_Group_CCC_Group_A",51,2.27,0.756666666666667,"1"
"652","BGVCOL_15062244","Type_Campo","Ploidy_Diploid","Solanum tuberosum subsp. phureja","CCC_Group_CCC_Group_A",51,2.435,0.811666666666667,"1"
"653","BGVCOL_15062245","Type_Campo","Ploidy_Diploid","Solanum tuberosum subsp. phureja","CCC_Group_CCC_Group_A",95,4.11,1.37,"3"
"654","BGVCOL_15062246","Type_Campo","Ploidy_Diploid","Solanum tuberosum subsp. phureja","CCC_Group_CCC_Group_A",33.5,1.325,0.441666666666667,"1"
"655","BGVCOL_15062247","Type_Campo","Ploidy_Diploid","Solanum tuberosum subsp. phureja","CCC_Group_CCC_Group_A",137.5,4.06,1.35333333333333,"3"
"656","BGVCOL_15062248","Type_Campo","Ploidy_Diploid","Solanum tuberosum subsp. phureja","CCC_Group_CCC_Group_A",33,1.67,0.556666666666667,"1"
"657","BGVCOL_15062249","Type_Campo","Ploidy_Diploid","Solanum tuberosum subsp. phureja","CCC_Group_CCC_Group_A",38,2.85,0.95,"1"
"658","BGVCOL_15062250","Type_Campo","Ploidy_Diploid","Solanum tuberosum subsp. phureja","CCC_Group_CCC_Group_A",14,0.93,0.31,"2"
"659","BGVCOL_15062251","Type_Campo","Ploidy_Diploid","Solanum tuberosum subsp. phureja","CCC_Group_CCC_Group_A",57.5,2.695,0.898333333333333,"1"
"660","BGVCOL_15062252","Type_Campo","Ploidy_Diploid","Solanum tuberosum subsp. phureja","CCC_Group_CCC_Group_A",50,2.725,0.908333333333333,"1"
"661","BGVCOL_15062253","Type_Campo","Ploidy_Diploid","Solanum tuberosum subsp. phureja","CCC_Group_CCC_Group_A",53.5,2.645,0.881666666666666,"1"
"662","BGVCOL_15062254","Type_Campo","Ploidy_Diploid","Solanum tuberosum subsp. phureja","CCC_Group_CCC_Group_A",38,1.02,0.34,"1"
"663","BGVCOL_15062255","Type_Campo","Ploidy_Diploid","Solanum tuberosum subsp. phureja","CCC_Group_CCC_Group_A",75.5,3.06,1.02,"3"
"664","BGVCOL_15062258","Type_Campo","Ploidy_Diploid","Solanum tuberosum subsp. phureja","CCC_Group_CCC_Group_A",22,0.35,0.116666666666667,"2"
"665","BGVCOL_15062261","Type_Campo","Ploidy_Diploid","Solanum tuberosum subsp. phureja","CCC_Group_CCC_Group_A",78.5,2.37,0.79,"3"
"666","BGVCOL_15062262","Type_Campo","Ploidy_Diploid","Solanum tuberosum subsp. phureja","CCC_Group_CCC_Group_A",51,2.625,0.875,"1"
"667","BGVCOL_15062263","Type_Campo","Ploidy_Diploid","Solanum tuberosum subsp. phureja","CCC_Group_CCC_Group_A",70.5,2.69,0.896666666666667,"3"
"668","BGVCOL_15062264","Type_Campo","Ploidy_Diploid","Solanum tuberosum subsp. phureja","CCC_Group_CCC_Group_A",70.5,2.845,0.948333333333333,"3"
"669","BGVCOL_15062265","Type_Campo","Ploidy_Diploid","Solanum tuberosum subsp. phureja","CCC_Group_CCC_Group_A",46,1.075,0.358333333333333,"1"
"670","BGVCOL_15062266","Type_Campo","Ploidy_Diploid","Solanum tuberosum subsp. phureja","CCC_Group_CCC_Group_A",52,1.505,0.501666666666667,"1"
"671","BGVCOL_15062267","Type_Campo","Ploidy_Diploid","Solanum tuberosum subsp. phureja","CCC_Group_CCC_Group_A",52,1.77,0.59,"1"
"672","BGVCOL_15062268","Type_Campo","Ploidy_Diploid","Solanum tuberosum subsp. phureja","CCC_Group_CCC_Group_A",28,0.7,0.233333333333333,"2"
"673","BGVCOL_15062269","Type_Campo","Ploidy_Diploid","Solanum tuberosum subsp. phureja","CCC_Group_CCC_Group_A",60,1.87,0.623333333333333,"1"
"674","BGVCOL_15062270","Type_Campo","Ploidy_Diploid","Solanum tuberosum subsp. phureja","CCC_Group_CCC_Group_A",44.5,0.865,0.288333333333333,"1"
"675","BGVCOL_15062271","Type_Campo","Ploidy_Diploid","Solanum tuberosum subsp. phureja","CCC_Group_CCC_Group_A",54,1.105,0.368333333333333,"1"
"676","BGVCOL_15062272","Type_Campo","Ploidy_Diploid","Solanum tuberosum subsp. phureja","CCC_Group_CCC_Group_A",68.5,2.305,0.768333333333333,"3"
"677","BGVCOL_15062273","Type_Campo","Ploidy_Diploid","Solanum tuberosum subsp. phureja","CCC_Group_CCC_Group_A",73.5,2.875,0.958333333333333,"3"
"678","BGVCOL_15062274","Type_Campo","Ploidy_Diploid","Solanum tuberosum subsp. phureja","CCC_Group_CCC_Group_A",28,1.34,0.446666666666667,"1"
"679","BGVCOL_15062276","Type_Campo","Ploidy_Diploid","Solanum tuberosum subsp. phureja","CCC_Group_CCC_Group_A",58,1.84,0.613333333333333,"1"
"680","BGVCOL_15062514","Type_Campo","Ploidy_Diploid","Solanum tuberosum subsp. phureja","CCC_Group_CCC_Group_A",91.5,4.045,1.34833333333333,"3"
"681","BGVCOL_15062543","Type_Campo","Ploidy_Diploid","Solanum tuberosum subsp. phureja","CCC_Group_CCC_Group_A",20,0.93,0.31,"2"
"682","BGVCOL_15062560","Type_Campo","Ploidy_Diploid","Solanum tuberosum subsp. phureja","CCC_Group_CCC_Group_A",45.5,1.535,0.511666666666667,"1"
"683","BGVCOL_15062565","Type_Campo","Ploidy_Diploid","Solanum tuberosum subsp. phureja","CCC_Group_CCC_Group_A",49.5,3.3,1.1,"1"
"684","BGVCOL_15062574","Type_Campo","Ploidy_No definido","Solanum tuberosum subsp. phureja","CCC_Group_No definido",136.5,5.78,1.92666666666667,"3"
"685","BGVCOL_15062576","Type_Campo","Ploidy_Diploid","Solanum tuberosum subsp. phureja","CCC_Group_CCC_Group_A",71,2.565,0.855,"3"
"686","BGVCOL_15062583","Type_No definido","Ploidy_No definido","Solanum tuberosum subsp. phureja","CCC_Group_No definido",127.5,3.37,1.12333333333333,"3"
"687","BGVCOL_15062585","Type_Campo","Ploidy_Tetraploid","Solanum tuberosum subsp. phureja","CCC_Group_CCC_Group_B1",48.5,1.585,0.528333333333333,"1"
"688","BGVCOL_15062586","Type_Campo","Ploidy_Diploid","Solanum tuberosum subsp. phureja","CCC_Group_CCC_Group_A",67.5,2.27,0.756666666666666,"3"
"689","BGVCOL_15062587","Type_Campo","Ploidy_Diploid","Solanum tuberosum subsp. phureja","CCC_Group_CCC_Group_A",57.5,3.12,1.04,"3"
"690","BGVCOL_15062588","Type_Campo","Ploidy_Diploid","Solanum tuberosum subsp. phureja","CCC_Group_CCC_Group_A",42,1.51,0.503333333333333,"1"
"691","BGVCOL_15062589","Type_Campo","Ploidy_Diploid","Solanum tuberosum subsp. phureja","CCC_Group_CCC_Group_A",87.5,2.925,0.975,"3"
"692","BGVCOL_15062590","Type_Campo","Ploidy_Diploid","Solanum tuberosum subsp. phureja","CCC_Group_CCC_Group_A",93.5,2.78,0.926666666666667,"3"
"693","BGVCOL_15062752","Type_Campo","Ploidy_Diploid","No disponible","CCC_Group_CCC_Group_A",51,2.625,0.875,"1"
"694","BGVCOL_15062798","Type_Campo","Ploidy_Diploid","No disponible","CCC_Group_CCC_Group_A",48.5,3.105,1.035,"1"
"695","BGVCOL_15062750","Type_Campo","Ploidy_Diploid","No disponible","CCC_Group_CCC_Group_A",60,2.69,0.896666666666667,"1"
"696","BGVCOL_15062799","Type_Campo","Ploidy_Diploid","No disponible","CCC_Group_CCC_Group_A",64,2.955,0.985,"3"
"697","BGVCOL_15062800","Type_Campo","Ploidy_Tetraploid","No disponible","CCC_Group_CCC_Group_B2",49,2.28,0.76,"1"
"698","BGVCOL_15062728","Type_Campo","Ploidy_No definido","No disponible","CCC_Group_No definido",30.5,1.555,0.518333333333333,"1"
"699","BGVCOL_15062729","Type_Campo","Ploidy_Diploid","No disponible","CCC_Group_CCC_Group_A",63.5,2.38,0.793333333333333,"1"
"700","BGVCOL_15062731","Type_Campo","Ploidy_Diploid","No disponible","CCC_Group_CCC_Group_A",100,2.65,0.883333333333333,"3"
"701","BGVCOL_15062732","Type_Campo","Ploidy_Diploid","No disponible","CCC_Group_CCC_Group_A",67,3.035,1.01166666666667,"3"
"702","BGVCOL_15062733","Type_Campo","Ploidy_Diploid","No disponible","CCC_Group_CCC_Group_A",28,1.6,0.533333333333333,"1"
"703","BGVCOL_15062722","Type_Campo","Ploidy_Diploid","No disponible","CCC_Group_CCC_Group_A",50,7.035,2.345,"3"
"704","BGVCOL_15062724","Type_Campo","Ploidy_Diploid","No disponible","CCC_Group_CCC_Group_A",52,3.16,1.05333333333333,"1"
"705","BGVCOL_15062801","Type_Campo","Ploidy_Tetraploid","No disponible","CCC_Group_CCC_Group_B2",82.5,2.67,0.89,"3"
"706","BGVCOL_15062734","Type_Campo","Ploidy_Diploid","No disponible","CCC_Group_CCC_Group_A",38,2.18,0.726666666666667,"1"
"707","BGVCOL_15062735","Type_Campo","Ploidy_Diploid","No disponible","CCC_Group_CCC_Group_A",20.5,0.485,0.161666666666667,"2"
"708","BGVCOL_15062736","Type_Campo","Ploidy_Diploid","No disponible","CCC_Group_CCC_Group_A",35,1.46,0.486666666666667,"1"
"709","BGVCOL_15062737","Type_Campo","Ploidy_Diploid","No disponible","CCC_Group_CCC_Group_A",29,1.46,0.486666666666667,"1"
"710","BGVCOL_15062802","Type_Campo","Ploidy_Tetraploid","No disponible","CCC_Group_CCC_Group_B1",60,3.185,1.06166666666667,"3"
"711","BGVCOL_15062739","Type_Campo","Ploidy_Diploid","No disponible","CCC_Group_CCC_Group_A",66.5,2.09,0.696666666666667,"1"
"712","BGVCOL_15062740","Type_Campo","Ploidy_Diploid","No disponible","CCC_Group_CCC_Group_A",41,1.77,0.59,"1"
"713","BGVCOL_15062741","Type_Campo","Ploidy_Diploid","No disponible","CCC_Group_CCC_Group_A",39,1.005,0.335,"1"
"714","BGVCOL_15062744","Type_Campo","Ploidy_Diploid","No disponible","CCC_Group_CCC_Group_A",42.5,1.24,0.413333333333333,"1"
"715","BGVCOL_15062803","Type_Campo","Ploidy_Tetraploid","No disponible","CCC_Group_CCC_Group_B1",55.5,2.515,0.838333333333333,"1"
"716","BGVCOL_15062804","Type_Campo","Ploidy_Diploid","No disponible","CCC_Group_CCC_Group_A",55,2.645,0.881666666666667,"1"
"717","BGVCOL_15062805","Type_Campo","Ploidy_Diploid","No disponible","CCC_Group_CCC_Group_A",57,2.01,0.67,"1"
"718","BGVCOL_15062806","Type_Campo","Ploidy_Diploid","No disponible","CCC_Group_CCC_Group_A",42,2.24,0.746666666666667,"1"
"719","BGVCOL_15062742","Type_Campo","Ploidy_Diploid","No disponible","CCC_Group_CCC_Group_A",42,1.905,0.635,"1"
"720","BGVCOL_15062782","Type_Campo","Ploidy_Diploid","No disponible","CCC_Group_CCC_Group_A",42,0.98,0.326666666666667,"1"
"721","BGVCOL_15062807","Type_Campo","Ploidy_Tetraploid","No disponible","CCC_Group_CCC_Group_B1",52.5,3.62,1.20666666666667,"3"
"722","BGVCOL_15062789","Type_Campo","Ploidy_Diploid","No disponible","CCC_Group_CCC_Group_A",79.5,2.675,0.891666666666667,"3"
"723","BGVCOL_15062808","Type_Campo","Ploidy_Diploid","No disponible","CCC_Group_CCC_Group_A",55.5,2.715,0.905,"1"
"724","BGVCOL_15062811","Type_Campo","Ploidy_Tetraploid","No disponible","CCC_Group_CCC_Group_B2",132.5,2.96,0.986666666666667,"3"
"725","BGVCOL_15062809","Type_Campo","Ploidy_Tetraploid","No disponible","CCC_Group_CCC_Group_B2",76,2.37,0.79,"3"
"726","BGVCOL_15062810","Type_Campo","Ploidy_Tetraploid","No disponible","CCC_Group_CCC_Group_B2",31,2.78,0.926666666666667,"1"
"727","BGVCOL_15062791","Type_Campo","Ploidy_Diploid","No disponible","CCC_Group_CCC_Group_A",70.5,3.025,1.00833333333333,"3"
"728","BGVCOL_15062743","Type_Campo","Ploidy_Diploid","No disponible","CCC_Group_CCC_Group_A",35,1.87,0.623333333333333,"1"
"729","BGVCOL_15062792","Type_Campo","Ploidy_Diploid","No disponible","CCC_Group_CCC_Group_A",48,2.445,0.815,"1"
"730","BGVCOL_15062745","Type_Campo","Ploidy_Diploid","No disponible","CCC_Group_CCC_Group_A",42.5,1.995,0.665,"1"
"731","BGVCOL_15062793","Type_Campo","Ploidy_Diploid","No disponible","CCC_Group_CCC_Group_A",41,2.485,0.828333333333333,"1"
"732","BGVCOL_15062794","Type_Campo","Ploidy_Diploid","No disponible","CCC_Group_CCC_Group_A",77,2.285,0.761666666666667,"3"
"733","BGVCOL_15062795","Type_Campo","Ploidy_Diploid","No disponible","CCC_Group_CCC_Group_A",75,2.23,0.743333333333334,"3"
"734","BGVCOL_15062747","Type_Campo","Ploidy_Diploid","No disponible","CCC_Group_CCC_Group_A",71,2.48,0.826666666666667,"3"
"735","BGVCOL_15062796","Type_Campo","Ploidy_Diploid","No disponible","CCC_Group_CCC_Group_A",48.5,2.08,0.693333333333333,"1"
"736","BGVCOL_15062748","Type_Campo","Ploidy_Diploid","No disponible","CCC_Group_CCC_Group_A",35,1.485,0.495,"1"
"737","BGVCOL_15062797","Type_Campo","Ploidy_Diploid","No disponible","CCC_Group_CCC_Group_A",59,2.12,0.706666666666667,"1"
"738","BGVCOL_15062749","Type_Campo","Ploidy_Diploid","No disponible","CCC_Group_CCC_Group_A",65.5,2.145,0.715,"1"
"739","BGVCOL_15062738","Type_Campo","Ploidy_Diploid","No disponible","CCC_Group_CCC_Group_A",57,1.555,0.518333333333333,"1"
"740","BGVCOL_15060205","Type_Campo","Ploidy_Diploid","Solanum tuberosum subsp. phureja","CCC_Group_CCC_Group_A",50,3.355,1.11833333333333,"1"
"741","BGVCOL_15062525","Type_Campo","Ploidy_Diploid","Solanum tuberosum subsp. phureja","CCC_Group_CCC_Group_A",123.5,3.995,1.33166666666667,"3"
"742","BGVCOL_15062529","Type_Campo","Ploidy_Diploid","Solanum tuberosum subsp. phureja","CCC_Group_CCC_Group_A",68,2.77,0.923333333333333,"3"
"743","BGVCOL_15062530","Type_Campo","Ploidy_Diploid","Solanum tuberosum subsp. phureja","CCC_Group_CCC_Group_A",31.5,0.93,0.31,"1"
"744","BGVCOL_15062531","Type_Campo","Ploidy_Diploid","Solanum tuberosum subsp. phureja","CCC_Group_CCC_Group_A",43.5,3.415,1.13833333333333,"1"
"745","BGVCOL_15062534","Type_Campo","Ploidy_Diploid","Solanum tuberosum subsp. phureja","CCC_Group_CCC_Group_A",27,0.82,0.273333333333333,"2"
"746","BGVCOL_15062541","Type_Campo","Ploidy_Diploid","Solanum tuberosum subsp. phureja","CCC_Group_CCC_Group_A",51,2.4,0.8,"1"
"747","BGVCOL_15062549","Type_Campo","Ploidy_Diploid","Solanum tuberosum subsp. phureja","CCC_Group_CCC_Group_A",39,0.88,0.293333333333333,"1"
"748","BGVCOL_15062558","Type_Campo","Ploidy_Diploid","Solanum tuberosum subsp. phureja","CCC_Group_CCC_Group_A",16,0.79,0.263333333333333,"2"
"749","BGVCOL_15062559","Type_Campo","Ploidy_Diploid","Solanum tuberosum subsp. phureja","CCC_Group_CCC_Group_A",57,3.205,1.06833333333333,"3"
"750","BGVCOL_15062561","Type_Campo","Ploidy_Diploid","Solanum tuberosum subsp. phureja","CCC_Group_CCC_Group_A",23,0.695,0.231666666666667,"2"
"751","BGVCOL_15062562","Type_Campo","Ploidy_Diploid","Solanum tuberosum subsp. phureja","CCC_Group_CCC_Group_A",67.5,3.305,1.10166666666667,"3"
"752","BGVCOL_15062564","Type_Campo","Ploidy_Diploid","Solanum tuberosum subsp. phureja","CCC_Group_CCC_Group_A",61.5,3.16,1.05333333333333,"3"
"753","BGVCOL_15062567","Type_Campo","Ploidy_Diploid","Solanum tuberosum subsp. phureja","CCC_Group_CCC_Group_A",50,2.32,0.773333333333333,"1"
"754","BGVCOL_15062568","Type_Campo","Ploidy_Diploid","Solanum tuberosum subsp. phureja","CCC_Group_CCC_Group_A",53.5,3.18,1.06,"1"
"755","BGVCOL_15062569","Type_Campo","Ploidy_Diploid","Solanum tuberosum subsp. phureja","CCC_Group_CCC_Group_A",52,1.585,0.528333333333333,"1"
"756","BGVCOL_15062571","Type_Campo","Ploidy_Diploid","Solanum tuberosum subsp. phureja","CCC_Group_CCC_Group_A",67,5.6,1.86666666666667,"3"
"757","BGVCOL_15062572","Type_Campo","Ploidy_Diploid","Solanum tuberosum subsp. phureja","CCC_Group_CCC_Group_A",66.5,4.09,1.36333333333333,"3"
"758","BGVCOL_15062573","Type_Campo","Ploidy_Diploid","Solanum tuberosum subsp. phureja","CCC_Group_CCC_Group_A",69,3.33,1.11,"3"
"759","BGVCOL_15062575","Type_Campo","Ploidy_Diploid","Solanum tuberosum subsp. phureja","CCC_Group_CCC_Group_A",36.5,1.715,0.571666666666667,"1"
"760","BGVCOL_15060630","Type_Campo","Ploidy_Diploid","Solanum tuberosum subsp. phureja","CCC_Group_CCC_Group_A",54.5,3.07,1.02333333333333,"1"
"761","BGVCOL_15062753","Type_Campo","Ploidy_Diploid","No disponible","CCC_Group_CCC_Group_A",50,2.075,0.691666666666667,"1"
"762","BGVCOL_15062761","Type_Campo","Ploidy_Diploid","No disponible","CCC_Group_CCC_Group_A",20,1.19,0.396666666666667,"2"
"763","BGVCOL_15062762","Type_Campo","Ploidy_Diploid","No disponible","CCC_Group_CCC_Group_A",44,2.135,0.711666666666667,"1"
"764","BGVCOL_15062763","Type_Campo","Ploidy_Diploid","No disponible","CCC_Group_CCC_Group_A",35,1.38,0.46,"1"
"765","BGVCOL_15062774","Type_Campo","Ploidy_Diploid","No disponible","CCC_Group_CCC_Group_A",75.5,2.605,0.868333333333333,"3"
"766","BGVCOL_15062775","Type_Campo","Ploidy_Diploid","No disponible","CCC_Group_CCC_Group_A",27,1.18,0.393333333333333,"2"
"767","BGVCOL_15062776","Type_Campo","Ploidy_Diploid","No disponible","CCC_Group_CCC_Group_A",50.5,2.805,0.935,"1"
"768","BGVCOL_15062777","Type_Campo","Ploidy_Diploid","No disponible","CCC_Group_CCC_Group_A",39,2.07,0.69,"1"
"769","BGVCOL_15062779","Type_Campo","Ploidy_Diploid","No disponible","CCC_Group_CCC_Group_A",102.5,2.315,0.771666666666667,"3"
"770","BGVCOL_15062780","Type_Campo","Ploidy_Diploid","No disponible","CCC_Group_CCC_Group_A",59,1.84,0.613333333333333,"1"
"771","BGVCOL_15062781","Type_Campo","Ploidy_Diploid","No disponible","CCC_Group_CCC_Group_A",25,0.7,0.233333333333333,"2"
"772","BGVCOL_15062764","Type_Campo","Ploidy_Diploid","No disponible","CCC_Group_CCC_Group_A",49.5,1.685,0.561666666666667,"1"
"773","BGVCOL_15062783","Type_Campo","Ploidy_Diploid","No disponible","CCC_Group_CCC_Group_A",72.5,2.175,0.725,"3"
"774","BGVCOL_15062784","Type_Campo","Ploidy_Tetraploid","No disponible","CCC_Group_CCC_Group_B2",50,1.52,0.506666666666667,"1"
"775","BGVCOL_15062785","Type_Campo","Ploidy_Diploid","No disponible","CCC_Group_CCC_Group_A",52,2.12,0.706666666666667,"1"
"776","BGVCOL_15062786","Type_Campo","Ploidy_Diploid","No disponible","CCC_Group_CCC_Group_A",28,1.235,0.411666666666667,"1"
"777","BGVCOL_15062787","Type_Campo","Ploidy_Diploid","No disponible","CCC_Group_CCC_Group_A",35,0.595,0.198333333333333,"1"
"778","BGVCOL_15062788","Type_Campo","Ploidy_Diploid","No disponible","CCC_Group_CCC_Group_A",19.5,0.555,0.185,"2"
"779","BGVCOL_15062767","Type_Campo","Ploidy_Diploid","No disponible","CCC_Group_CCC_Group_A",20.5,0.575,0.191666666666667,"2"
"780","BGVCOL_15062754","Type_Campo","Ploidy_Diploid","No disponible","CCC_Group_CCC_Group_A",86,2.245,0.748333333333333,"3"
"781","BGVCOL_15062755","Type_Campo","Ploidy_Diploid","No disponible","CCC_Group_CCC_Group_A",42,2.6,0.866666666666667,"1"
"782","BGVCOL_15062769","Type_Campo","Ploidy_Diploid","No disponible","CCC_Group_CCC_Group_A",68.5,2.705,0.901666666666667,"3"
"783","BGVCOL_15062756","Type_Campo","Ploidy_Diploid","No disponible","CCC_Group_CCC_Group_A",32,1.85,0.616666666666667,"1"
"784","BGVCOL_15062757","Type_Campo","Ploidy_Diploid","No disponible","CCC_Group_CCC_Group_A",69.5,2.655,0.885,"3"
"785","BGVCOL_15062770","Type_Campo","Ploidy_Diploid","No disponible","CCC_Group_CCC_Group_A",38,1.715,0.571666666666667,"1"
"786","BGVCOL_15062758","Type_Campo","Ploidy_Diploid","No disponible","CCC_Group_CCC_Group_A",66,3.07,1.02333333333333,"3"
"787","BGVCOL_15062772","Type_Campo","Ploidy_Diploid","No disponible","CCC_Group_CCC_Group_A",23.5,1.45,0.483333333333333,"2"
"788","BGVCOL_15062760","Type_Campo","Ploidy_Diploid","No disponible","CCC_Group_CCC_Group_A",31.5,1.145,0.381666666666667,"1"
"789","BGVCOL_15062513","Type_In vitro","Ploidy_Diploid","Solanum tuberosum subsp. phureja","CCC_Group_CCC_Group_A",47.5,1.74,0.58,"1"
"790","BGVCOL_15062727","Type_Campo","Ploidy_Diploid","No disponible","CCC_Group_CCC_Group_A",140,3.28,1.09333333333333,"3"
"791","BGVCOL_15060210","Type_In vitro","Ploidy_Diploid","Solanum rybinii","CCC_Group_CCC_Group_A",43.5,2.01,0.67,"1"
"792","BGVCOL_15062790","Type_Campo","Ploidy_Diploid","No disponible","CCC_Group_CCC_Group_A",38,1.925,0.641666666666667,"1"
"793","BGVCOL_15060002","Type_Campo","Ploidy_Diploid","Solanum tuberosum subsp. phureja","CCC_Group_CCC_Group_A",72,1.75,0.583333333333333,"1"
"794","BGVCOL_15060077","Type_Campo","Ploidy_Diploid","Solanum tuberosum subsp. phureja","CCC_Group_CCC_Group_A",57.5,2.885,0.961666666666667,"1"
"795","BGVCOL_15060204","Type_Campo","Ploidy_Diploid","Solanum tuberosum subsp. phureja","CCC_Group_CCC_Group_A",49,1.98,0.66,"1"
"796","BGVCOL_15061362","Type_Campo","Ploidy_Diploid","Solanum tuberosum subsp. phureja","CCC_Group_CCC_Group_A",59,3.565,1.18833333333333,"3"
"797","BGVCOL_15061456","Type_Campo","Ploidy_Diploid","Solanum tuberosum subsp. phureja","CCC_Group_CCC_Group_A",42,1.89,0.63,"1"
"798","BGVCOL_15061780","Type_Campo","Ploidy_Diploid","Solanum tuberosum subsp. phureja","CCC_Group_CCC_Group_A",49,2.71,0.903333333333333,"1"
"799","BGVCOL_15061781","Type_Campo","Ploidy_Diploid","Solanum tuberosum subsp. phureja","CCC_Group_CCC_Group_A",59.5,2.875,0.958333333333333,"3"
"800","BGVCOL_15061982","Type_Campo","Ploidy_Diploid","Solanum tuberosum subsp. phureja","CCC_Group_CCC_Group_A",94.5,3.88,1.29333333333333,"3"
"801","BGVCOL_15061984","Type_Campo","Ploidy_Diploid","Solanum tuberosum subsp. phureja","CCC_Group_CCC_Group_A",40,2.72,0.906666666666667,"1"
"802","BGVCOL_15061986","Type_Campo","Ploidy_Diploid","Solanum tuberosum subsp. phureja","CCC_Group_CCC_Group_A",78,3.985,1.32833333333333,"3"
"803","BGVCOL_15061987","Type_Campo","Ploidy_Diploid","Solanum tuberosum subsp. phureja","CCC_Group_CCC_Group_A",58.5,2.545,0.848333333333333,"1"
"804","BGVCOL_15061988","Type_Campo","Ploidy_Diploid","Solanum tuberosum subsp. phureja","CCC_Group_CCC_Group_A",61.5,2.305,0.768333333333333,"1"
"805","BGVCOL_15061989","Type_Campo","Ploidy_Diploid","Solanum tuberosum subsp. phureja","CCC_Group_CCC_Group_A",106,2.85,0.95,"3"
"806","BGVCOL_15061991","Type_Campo","Ploidy_Diploid","Solanum tuberosum subsp. phureja","CCC_Group_CCC_Group_A",72,2.395,0.798333333333333,"3"
"807","BGVCOL_15061992","Type_Campo","Ploidy_Diploid","Solanum tuberosum subsp. phureja","CCC_Group_CCC_Group_A",74.5,2.11,0.703333333333333,"3"
"808","BGVCOL_15061994","Type_Campo","Ploidy_Diploid","Solanum tuberosum subsp. phureja","CCC_Group_CCC_Group_A",78.5,2.235,0.745,"3"
"809","BGVCOL_15061996","Type_Campo","Ploidy_Diploid","Solanum tuberosum subsp. phureja","CCC_Group_CCC_Group_A",62,2.355,0.785,"1"
"810","BGVCOL_15061997","Type_Campo","Ploidy_Diploid","Solanum tuberosum subsp. phureja","CCC_Group_CCC_Group_A",79,4.045,1.34833333333333,"3"
"811","BGVCOL_15061998","Type_Campo","Ploidy_Diploid","Solanum tuberosum subsp. phureja","CCC_Group_CCC_Group_A",50.5,2.64,0.88,"1"
"812","BGVCOL_15061999","Type_Campo","Ploidy_Diploid","Solanum tuberosum subsp. phureja","CCC_Group_CCC_Group_A",88.5,4.115,1.37166666666667,"3"
"813","BGVCOL_15062000","Type_Campo","Ploidy_Diploid","Solanum tuberosum subsp. phureja","CCC_Group_CCC_Group_A",47,1.795,0.598333333333333,"1"
"814","BGVCOL_15062001","Type_Campo","Ploidy_Diploid","Solanum tuberosum subsp. phureja","CCC_Group_CCC_Group_A",113,4.41,1.47,"3"
"815","BGVCOL_15062002","Type_Campo","Ploidy_Diploid","Solanum tuberosum subsp. phureja","CCC_Group_CCC_Group_A",69.5,2.125,0.708333333333333,"3"
"816","BGVCOL_15062005","Type_Campo","Ploidy_Diploid","Solanum tuberosum subsp. phureja","CCC_Group_CCC_Group_A",46,3.51,1.17,"1"
"817","BGVCOL_15062009","Type_Campo","Ploidy_Diploid","Solanum tuberosum subsp. phureja","CCC_Group_CCC_Group_A",52,3.835,1.27833333333333,"3"
"818","BGVCOL_15062010","Type_Campo","Ploidy_Diploid","Solanum tuberosum subsp. phureja","CCC_Group_CCC_Group_A",47,3.035,1.01166666666667,"1"
"819","BGVCOL_15062015","Type_Campo","Ploidy_Diploid","Solanum tuberosum subsp. phureja","CCC_Group_CCC_Group_A",56.5,3.26,1.08666666666667,"3"
"820","BGVCOL_15062020","Type_Campo","Ploidy_Diploid","Solanum tuberosum subsp. phureja","CCC_Group_CCC_Group_A",47,3.865,1.28833333333333,"3"
"821","BGVCOL_15062021","Type_Campo","Ploidy_Diploid","Solanum tuberosum subsp. phureja","CCC_Group_CCC_Group_A",65.5,4.57,1.52333333333333,"3"
"822","BGVCOL_15062025","Type_Campo","Ploidy_Diploid","Solanum tuberosum subsp. phureja","CCC_Group_CCC_Group_A",47,2.67,0.89,"1"
"823","BGVCOL_15062026","Type_Campo","Ploidy_Diploid","Solanum tuberosum subsp. phureja","CCC_Group_CCC_Group_A",47.5,2.455,0.818333333333333,"1"
"824","BGVCOL_15062027","Type_Campo","Ploidy_Diploid","Solanum tuberosum subsp. phureja","CCC_Group_CCC_Group_A",46,3,1,"1"
"825","BGVCOL_15062028","Type_Campo","Ploidy_Diploid","Solanum tuberosum subsp. phureja","CCC_Group_CCC_Group_A",65.5,3.12,1.04,"3"
"826","BGVCOL_15062029","Type_Campo","Ploidy_Diploid","Solanum tuberosum subsp. phureja","CCC_Group_CCC_Group_A",70,3.31,1.10333333333333,"3"
"827","BGVCOL_15062507","Type_Campo","Ploidy_Diploid","Solanum tuberosum subsp. phureja","CCC_Group_CCC_Group_A",43.5,1.335,0.445,"1"
"828","BGVCOL_15062509","Type_Campo","Ploidy_Diploid","Solanum tuberosum subsp. phureja","CCC_Group_CCC_Group_A",66.5,2.705,0.901666666666667,"3"
"829","BGVCOL_15062180","Type_Campo","Ploidy_No definido","Solanum tuberosum subsp. phureja","CCC_Group_No definido",56,1.69,0.563333333333333,"1"
"830","BGVCOL_15062515","Type_Campo","Ploidy_Diploid","Solanum tuberosum subsp. phureja","CCC_Group_CCC_Group_A",40.5,0.94,0.313333333333333,"1"
"831","BGVCOL_15062591","Type_Campo","Ploidy_Diploid","Solanum tuberosum subsp. phureja","CCC_Group_CCC_Group_A",55.5,1.69,0.563333333333333,"1"
"832","BGVCOL_15062592","Type_Campo","Ploidy_Diploid","Solanum tuberosum subsp. phureja","CCC_Group_CCC_Group_A",75.5,3.06,1.02,"3"
"833","BGVCOL_15062593","Type_Campo","Ploidy_Diploid","Solanum tuberosum subsp. phureja","CCC_Group_CCC_Group_A",63,2.13,0.71,"1"
"834","BGVCOL_15062594","Type_Campo","Ploidy_Diploid","Solanum tuberosum subsp. phureja","CCC_Group_CCC_Group_A",72.5,1.91,0.636666666666667,"3"
"835","BGVCOL_15062595","Type_Campo","Ploidy_Diploid","Solanum tuberosum subsp. phureja","CCC_Group_CCC_Group_A",27.5,1.78,0.593333333333333,"1"
"836","BGVCOL_15062596","Type_Campo","Ploidy_Diploid","Solanum tuberosum subsp. phureja","CCC_Group_CCC_Group_A",63,2.125,0.708333333333333,"1"
"837","BGVCOL_15062598","Type_Campo","Ploidy_Diploid","Solanum tuberosum subsp. phureja","CCC_Group_CCC_Group_A",20,1.06,0.353333333333333,"2"
"838","BGVCOL_15062599","Type_Campo","Ploidy_Diploid","Solanum tuberosum subsp. phureja","CCC_Group_CCC_Group_A",64.5,3.645,1.215,"3"
"839","BGVCOL_15062600","Type_Campo","Ploidy_Diploid","Solanum tuberosum subsp. phureja","CCC_Group_CCC_Group_A",75.5,4.44,1.48,"3"
"840","BGVCOL_15062601","Type_Campo","Ploidy_Diploid","Solanum tuberosum subsp. phureja","CCC_Group_CCC_Group_A",72,3.165,1.055,"3"
"841","BGVCOL_15062582","Type_Campo","Ploidy_Diploid","Solanum tuberosum subsp. phureja","CCC_Group_CCC_Group_A",83.5,2.355,0.785,"3"
"842","BGVCOL_15061047","Type_Campo","Ploidy_Diploid","Solanum tuberosum subsp. phureja","CCC_Group_CCC_Group_A",35,1.415,0.471666666666667,"1"
"843","BGVCOL_15062828","Type_Campo","Ploidy_Diploid","No disponible","CCC_Group_CCC_Group_A",47.5,2.955,0.985,"1"
"844","BGVCOL_15062746","Type_Campo","Ploidy_Diploid","No disponible","CCC_Group_CCC_Group_A",34,1.195,0.398333333333333,"1"
"845","BGVCOL_15061767","Type_Campo","Ploidy_Diploid","Solanum tuberosum subsp. andigena","CCC_Group_CCC_Group_A",12.1333333333333,41.1740740740741,0.716666666666667,"5"
